post_url,username,comment_text,timestamp,likes_count
https://www.instagram.com/reel/DbfSQR6lCxg/?stkn=NTc4MTIwNjQ2YQ==,dasitokusuma,"Cerita apa itu,malah memperbesarkonflik",2026-09-05T14:12:21.000Z,0
https://www.instagram.com/reel/DbfSQR6lCxg/?stkn=NTc4MTIwNjQ2YQ==,direja_wangsatopan,,2026-08-28T19:12:33.000Z,0
https://www.instagram.com/reel/DbfSQR6lCxg/?stkn=NTc4MTIwNjQ2YQ==,direja_wangsatopan,,2026-08-28T19:12:17.000Z,0
https://www.instagram.com/reel/DbfSQR6lCxg/?stkn=NTc4MTIwNjQ2YQ==,yudi_w89,lagi lucu-lucunya kali ya 🗿,2026-08-13T15:41:58.000Z,0
https://www.instagram.com/reel/DbfSQR6lCxg/?stkn=NTc4MTIwNjQ2YQ==,nodajahatt,Kata gua mah udh jangan di kasi mic🗿,2026-08-10T13:01:04.000Z,0
https://www.instagram.com/reel/DbfSQR6lCxg/?stkn=NTc4MTIwNjQ2YQ==,dadangwal_coffee,Oh iyeu cenah nu keturunan londo ireng.. 🤣🤣🤣,2026-08-10T08:30:48.000Z,0
https://www.instagram.com/reel/DbfSQR6lCxg/?stkn=NTc4MTIwNjQ2YQ==,poetrasunda78,Ya tuhan siapa c sbnrnya king maker nya ya kok gini amat ya punya pemimpin negeri😭😭😭,2026-08-09T16:09:57.000Z,0
https://www.instagram.com/reel/DbfSQR6lCxg/?stkn=NTc4MTIwNjQ2YQ==,mumuhriders25,Pidato doang🗿,2026-08-09T01:25:05.000Z,0
https://www.instagram.com/reel/DbfSQR6lCxg/?stkn=NTc4MTIwNjQ2YQ==,romadony_anzah,Gblk🗿,2026-08-09T01:19:43.000Z,0
https://www.instagram.com/reel/DbfSQR6lCxg/?stkn=NTc4MTIwNjQ2YQ==,wandalesmana98,Internal dulu bapak 🗿,2026-08-08T16:31:37.000Z,0
https://www.instagram.com/reel/DbfSQR6lCxg/?stkn=NTc4MTIwNjQ2YQ==,doni62257,Cangkem nya di jaga wok,2026-08-08T15:42:42.000Z,0
https://www.instagram.com/reel/DbfSQR6lCxg/?stkn=NTc4MTIwNjQ2YQ==,amirwijayanti,Dia punya omongan yang jauh lebih menakutkan ketimbang senjata nuklir😭,2026-08-08T15:21:16.000Z,0
https://www.instagram.com/reel/DbfSQR6lCxg/?stkn=NTc4MTIwNjQ2YQ==,mfredinal,,2026-08-08T14:57:41.000Z,0
https://www.instagram.com/reel/DbfSQR6lCxg/?stkn=NTc4MTIwNjQ2YQ==,parlu_nst,IQ 11/100,2026-08-08T13:07:10.000Z,0
https://www.instagram.com/reel/DbfSQR6lCxg/?stkn=NTc4MTIwNjQ2YQ==,yogaasmaraalam,Negara bodoh presiden kyk gitu suruh pidato 😂,2026-08-08T12:24:51.000Z,0
https://www.instagram.com/reel/DcR8-dhhy-S/?stkn=NTc4MTIwNjQ2YQ==,tvmedia30,❤️❤️❤️❤️,2026-08-21T22:58:35.000Z,1
https://www.instagram.com/reel/DcR8-dhhy-S/?stkn=NTc4MTIwNjQ2YQ==,tvmedia30,🔥🔥🔥🔥,2026-08-21T22:58:31.000Z,1
https://www.instagram.com/reel/DcR8-dhhy-S/?stkn=NTc4MTIwNjQ2YQ==,tv.nalarberita,😍😍,2026-08-21T08:48:16.000Z,0
https://www.instagram.com/reel/DcR8-dhhy-S/?stkn=NTc4MTIwNjQ2YQ==,tv.nalarberita,😍😍,2026-08-21T08:48:13.000Z,0
https://www.instagram.com/reel/DcR8-dhhy-S/?stkn=NTc4MTIwNjQ2YQ==,tv.nalarberita,❤️❤️,2026-08-21T08:48:12.000Z,0
https://www.instagram.com/reel/DcR8-dhhy-S/?stkn=NTc4MTIwNjQ2YQ==,tv.nalarberita,😍😍,2026-08-21T08:48:12.000Z,0
https://www.instagram.com/reel/DcR8-dhhy-S/?stkn=NTc4MTIwNjQ2YQ==,tv.nalarberita,❤️❤️,2026-08-21T08:48:11.000Z,0
https://www.instagram.com/reel/DcR8-dhhy-S/?stkn=NTc4MTIwNjQ2YQ==,tv.nalarberita,🔥🔥,2026-08-21T08:48:10.000Z,0
https://www.instagram.com/reel/DcR8-dhhy-S/?stkn=NTc4MTIwNjQ2YQ==,tv.nalarberita,❤️❤️,2026-08-21T08:48:09.000Z,0
https://www.instagram.com/reel/DcR8-dhhy-S/?stkn=NTc4MTIwNjQ2YQ==,tungguin.disitu,Keren 🔥,2026-08-21T08:47:41.000Z,0
https://www.instagram.com/reel/DcR8-dhhy-S/?stkn=NTc4MTIwNjQ2YQ==,erpearabb,🔥,2026-08-21T08:43:31.000Z,0
https://www.instagram.com/reel/DcR8-dhhy-S/?stkn=NTc4MTIwNjQ2YQ==,erpearabb,😍😍,2026-08-21T08:43:30.000Z,0
https://www.instagram.com/reel/DcR8-dhhy-S/?stkn=NTc4MTIwNjQ2YQ==,erpearabb,Menyala pak prabowooo,2026-08-21T08:43:29.000Z,0
https://www.instagram.com/reel/DcR8-dhhy-S/?stkn=NTc4MTIwNjQ2YQ==,erpearabb,Mantapp pak prabowo,2026-08-21T08:43:24.000Z,0
https://www.instagram.com/reel/DcR8-dhhy-S/?stkn=NTc4MTIwNjQ2YQ==,tvrakyat.foodie,Mantap,2026-08-21T08:34:43.000Z,0
https://www.instagram.com/reel/DbfSQR6lCxg/?stkn=NTc4MTIwNjQ2YQ==,dasitokusuma,"Cerita apa itu,malah memperbesarkonflik",2026-09-05T14:12:21.000Z,0
https://www.instagram.com/reel/DbfSQR6lCxg/?stkn=NTc4MTIwNjQ2YQ==,direja_wangsatopan,,2026-08-28T19:12:33.000Z,0
https://www.instagram.com/reel/DbfSQR6lCxg/?stkn=NTc4MTIwNjQ2YQ==,direja_wangsatopan,,2026-08-28T19:12:17.000Z,0
https://www.instagram.com/reel/DbfSQR6lCxg/?stkn=NTc4MTIwNjQ2YQ==,yudi_w89,lagi lucu-lucunya kali ya 🗿,2026-08-13T15:41:58.000Z,0
https://www.instagram.com/reel/DbfSQR6lCxg/?stkn=NTc4MTIwNjQ2YQ==,nodajahatt,Kata gua mah udh jangan di kasi mic🗿,2026-08-10T13:01:04.000Z,0
https://www.instagram.com/reel/DbfSQR6lCxg/?stkn=NTc4MTIwNjQ2YQ==,dadangwal_coffee,Oh iyeu cenah nu keturunan londo ireng.. 🤣🤣🤣,2026-08-10T08:30:48.000Z,0
https://www.instagram.com/reel/DbfSQR6lCxg/?stkn=NTc4MTIwNjQ2YQ==,poetrasunda78,Ya tuhan siapa c sbnrnya king maker nya ya kok gini amat ya punya pemimpin negeri😭😭😭,2026-08-09T16:09:57.000Z,0
https://www.instagram.com/reel/DbfSQR6lCxg/?stkn=NTc4MTIwNjQ2YQ==,mumuhriders25,Pidato doang🗿,2026-08-09T01:25:05.000Z,0
https://www.instagram.com/reel/DbfSQR6lCxg/?stkn=NTc4MTIwNjQ2YQ==,romadony_anzah,Gblk🗿,2026-08-09T01:19:43.000Z,0
https://www.instagram.com/reel/DbfSQR6lCxg/?stkn=NTc4MTIwNjQ2YQ==,wandalesmana98,Internal dulu bapak 🗿,2026-08-08T16:31:37.000Z,0
https://www.instagram.com/reel/DbfSQR6lCxg/?stkn=NTc4MTIwNjQ2YQ==,doni62257,Cangkem nya di jaga wok,2026-08-08T15:42:42.000Z,0
https://www.instagram.com/reel/DbfSQR6lCxg/?stkn=NTc4MTIwNjQ2YQ==,amirwijayanti,Dia punya omongan yang jauh lebih menakutkan ketimbang senjata nuklir😭,2026-08-08T15:21:16.000Z,0
https://www.instagram.com/reel/DbfSQR6lCxg/?stkn=NTc4MTIwNjQ2YQ==,mfredinal,,2026-08-08T14:57:41.000Z,0
https://www.instagram.com/reel/DbfSQR6lCxg/?stkn=NTc4MTIwNjQ2YQ==,parlu_nst,IQ 11/100,2026-08-08T13:07:10.000Z,0
https://www.instagram.com/reel/DbfSQR6lCxg/?stkn=NTc4MTIwNjQ2YQ==,yogaasmaraalam,Negara bodoh presiden kyk gitu suruh pidato 😂,2026-08-08T12:24:51.000Z,0
https://www.instagram.com/reel/DcR8-dhhy-S/?stkn=NTc4MTIwNjQ2YQ==,tvmedia30,❤️❤️❤️❤️,2026-08-21T22:58:35.000Z,1
https://www.instagram.com/reel/DcR8-dhhy-S/?stkn=NTc4MTIwNjQ2YQ==,tvmedia30,🔥🔥🔥🔥,2026-08-21T22:58:31.000Z,1
https://www.instagram.com/reel/DcR8-dhhy-S/?stkn=NTc4MTIwNjQ2YQ==,tv.nalarberita,😍😍,2026-08-21T08:48:16.000Z,0
https://www.instagram.com/reel/DcR8-dhhy-S/?stkn=NTc4MTIwNjQ2YQ==,tv.nalarberita,😍😍,2026-08-21T08:48:13.000Z,0
https://www.instagram.com/reel/DcR8-dhhy-S/?stkn=NTc4MTIwNjQ2YQ==,tv.nalarberita,❤️❤️,2026-08-21T08:48:12.000Z,0
https://www.instagram.com/reel/DcR8-dhhy-S/?stkn=NTc4MTIwNjQ2YQ==,tv.nalarberita,😍😍,2026-08-21T08:48:12.000Z,0
https://www.instagram.com/reel/DcR8-dhhy-S/?stkn=NTc4MTIwNjQ2YQ==,tv.nalarberita,❤️❤️,2026-08-21T08:48:11.000Z,0
https://www.instagram.com/reel/DcR8-dhhy-S/?stkn=NTc4MTIwNjQ2YQ==,tv.nalarberita,🔥🔥,2026-08-21T08:48:10.000Z,0
https://www.instagram.com/reel/DcR8-dhhy-S/?stkn=NTc4MTIwNjQ2YQ==,tv.nalarberita,❤️❤️,2026-08-21T08:48:09.000Z,0
https://www.instagram.com/reel/DcR8-dhhy-S/?stkn=NTc4MTIwNjQ2YQ==,tungguin.disitu,Keren 🔥,2026-08-21T08:47:41.000Z,0
https://www.instagram.com/reel/DcR8-dhhy-S/?stkn=NTc4MTIwNjQ2YQ==,erpearabb,🔥,2026-08-21T08:43:31.000Z,0
https://www.instagram.com/reel/DcR8-dhhy-S/?stkn=NTc4MTIwNjQ2YQ==,erpearabb,😍😍,2026-08-21T08:43:30.000Z,0
https://www.instagram.com/reel/DcR8-dhhy-S/?stkn=NTc4MTIwNjQ2YQ==,erpearabb,Menyala pak prabowooo,2026-08-21T08:43:29.000Z,0
https://www.instagram.com/reel/DcR8-dhhy-S/?stkn=NTc4MTIwNjQ2YQ==,erpearabb,Mantapp pak prabowo,2026-08-21T08:43:24.000Z,0
https://www.instagram.com/reel/DcR8-dhhy-S/?stkn=NTc4MTIwNjQ2YQ==,tvrakyat.foodie,Mantap,2026-08-21T08:34:43.000Z,0
