post_url,username,comment_text,timestamp,likes_count
https://www.tiktok.com/@ga_mindset5/video/7668320500543753480,ricyricy563,korupsi impor bawang 700jt ton😅😅,2026-08-16T07:18:34.000Z,11368
https://www.tiktok.com/@ga_mindset5/video/7668320500543753480,zaenpakez,zaman presiden mana yg korupsi ketangkap semarak ini ?,2026-08-14T16:40:09.000Z,41674
https://www.tiktok.com/@ga_mindset5/video/7668320500543753480,hahahahahaahahaahahaah,"kali ini dikasih clu 700rb/kg kira""ada apa lagi yaaa",2026-08-16T05:17:19.000Z,1212
https://www.tiktok.com/@ga_mindset5/video/7668320500543753480,holla.wo,bisa jadi maksud kupas bawang 700rb/kg bakalan ada korupsi 700ton? 700M? 700T?,2026-08-16T09:06:46.000Z,36711
https://www.tiktok.com/@ga_mindset5/video/7668320500543753480,momykaa1,Jgn2 yg kupas bawang 700ribu juga ada teka tekinya😳,2026-08-17T04:31:22.000Z,83
https://www.tiktok.com/@ga_mindset5/video/7668320500543753480,thell._2,pa Prabowo tuh pidato pake bahasa filosofi gitu tapi rakyat nya yg random jadi di jadikan candaan gitu,2026-08-16T07:34:56.000Z,5310
https://www.tiktok.com/@ga_mindset5/video/7668320500543753480,mugirahayu87,tapi knp bnyk yg benci pakbrowo,2026-08-03T09:48:02.000Z,6579
https://www.tiktok.com/@ga_mindset5/video/7668320500543753480,appa7720,prabowo 10+6=17 itu kode apa ya .mnani pendukung jelasin dong,2026-08-16T00:13:07.000Z,15
https://www.tiktok.com/@ga_mindset5/video/7668320500543753480,tukang.pukul19,Jgn2 kupas bawang 700rb/kg ada mksd di dlmny 🧐,2026-08-16T02:16:53.000Z,63247
https://www.tiktok.com/@ga_mindset5/video/7668320500543753480,keylasetya2207,dia ahli strategi rakyatnya aja yg nggk pada mudeng teka teki pidatonya 😏,2026-08-16T11:02:15.000Z,80864
https://www.tiktok.com/@ga_mindset5/video/7668320500543753480,kupeh92,"padahal pak prabowo itu klo pidato memang nyindir pejabat,, tp banyak rakyat yang salh paham,,",2026-08-16T23:13:06.000Z,161
https://www.tiktok.com/@ga_mindset5/video/7668320500543753480,ooshii_i,Bismillah pak prabowo 2 periodeee,2026-08-05T09:23:12.000Z,105
https://www.tiktok.com/@ga_mindset5/video/7668320500543753480,dindarosw,selama ini kalian kemana 😭 aku pikir aku sendirian😭,2026-08-17T01:00:39.000Z,427
https://www.tiktok.com/@ga_mindset5/video/7668320500543753480,adolumok,D kasih lahan korup supaya makin banyak bukti dan siapa yg paling korup 😌😌😌 ginggal kik,2026-08-05T12:10:59.000Z,14
https://www.tiktok.com/@ga_mindset5/video/7668320500543753480,deasih26,apakah dibalik kupas bawang 700rb/kg atau kah 700M/ton 700T/ton ??,2026-08-17T18:28:46.000Z,23
https://www.tiktok.com/@ga_mindset5/video/7668320500543753480,agungnamikaye,Bodoamat gw dianggap gila oleh orang lain intinya saya di barisan prabowo🫡,2026-08-17T11:07:34.000Z,1682
https://www.tiktok.com/@ga_mindset5/video/7668320500543753480,scoopyblacky,pembenci prabowo mana paham SANDIi dalam pidato prabowo,2026-08-16T16:46:35.000Z,47
https://www.tiktok.com/@ga_mindset5/video/7668320500543753480,gavra.tptbn,presiden segacor ini malah di hina masyarakat 🤣,2026-08-16T06:53:08.000Z,43466
https://www.tiktok.com/@ga_mindset5/video/7668320500543753480,yogaprastio_12,terus beliau bisa apa...cuma nontonin hukum diperjualbelikan oleh pejabat beliau sendiri tanpa ada tindakan tegas..,2026-08-02T02:23:22.000Z,12
https://www.tiktok.com/@ga_mindset5/video/7668320500543753480,nikotin30mgg,ga pernah nyesel milih prabowo,2026-08-14T09:19:48.000Z,432
https://www.tiktok.com/@ga_mindset5/video/7668320500543753480,dijalanxxx,baru sadar di jaman prabowo semua disikat,2026-08-16T23:11:40.000Z,36
https://www.tiktok.com/@ga_mindset5/video/7668320500543753480,rin_sunu,"yg viral sekarng buruh pengupas bawang 700 rb / kilo
takut banget ini kode rahasia lagi 😂",2026-08-15T08:01:07.000Z,3613
https://www.tiktok.com/@ga_mindset5/video/7668320500543753480,restuimaniman,sebenarnya pak Prabowo baik.. cuma dibawah dia.. hancurrr dan busuk semua,2026-08-11T01:29:41.000Z,50
https://www.tiktok.com/@ga_mindset5/video/7668320500543753480,coz12mpr3tty,berarti dia udah tahu sebenarnya ada korupsi2 tapi di biarkan. ntar klo lg bth validasi baru di keluarin 😅😂,2026-08-12T09:53:39.000Z,137
https://www.tiktok.com/@ga_mindset5/video/7668320500543753480,riski23879,bawahannya berusaha memperbaiki citra tuannya 😂,2026-08-04T02:43:06.000Z,17
https://www.tiktok.com/@ga_mindset5/video/7668320500543753480,mas_khafidhin22,ada apa di balik kupas bawang 700 RB per kg,2026-08-17T15:39:54.000Z,31
https://www.tiktok.com/@ga_mindset5/video/7668320500543753480,ovintaaasarii,Curiga mungkin ada yg korupsi 700m atau 700T di program MBG,2026-08-16T12:44:49.000Z,252
https://www.tiktok.com/@ga_mindset5/video/7668320500543753480,semestaalam73,Prabowo itu gak goblok gaes.... beliau kopassus semua pake taktik dan jika ingin menyembuhkan luka kita sayat dulu luka tersebut agar bisa sembuh,2026-08-16T22:19:48.000Z,4412
https://www.tiktok.com/@ga_mindset5/video/7668320500543753480,fauziahjelitaidrussupu,sumpah muak sekali terlalu banyak yg menjatuhkan pak Prabowo,2026-08-16T23:36:20.000Z,7319
https://www.tiktok.com/@ga_mindset5/video/7668320500543753480,ceceeexx_,jgn blng yg 700 rb itu ad korupsi dri pejabat 700T?,2026-08-16T15:55:58.000Z,284
https://www.tiktok.com/@ga_mindset5/video/7668320500543753480,ribetbanget1212,"yang benci Prabowo itu rata"" suka makan duit rakyat. tapi dia takut di era Prabowo gak bisa apa apa",2026-08-05T12:32:59.000Z,8467
https://www.tiktok.com/@ga_mindset5/video/7668320500543753480,handrian_31,bodo amat yang kritik dia saya ttep dukung beliau🔥🔥,2026-08-13T13:43:49.000Z,2591
https://www.tiktok.com/@ga_mindset5/video/7668320500543753480,suti.putriani,"yang jelas kalo dia nyalon lagi, aku GK bakalan coblos lagi",2026-09-13T06:48:55.000Z,6
https://www.tiktok.com/@ga_mindset5/video/7668320500543753480,sagitarius..24,"intinya malas klo gada bukti ke rakyat, klo gak ngefek ke rakyat yah buat apa",2026-08-24T03:58:16.000Z,7
https://www.tiktok.com/@ga_mindset5/video/7668320500543753480,smaesaroh_20,Prabowo tuh kayak ngasih clue tapi para pembenci malah mengolok ngoloknya,2026-08-17T09:10:12.000Z,235
https://www.tiktok.com/@ga_mindset5/video/7668320500543753480,manasyeazeka,fakta ga penting. kalau koruptor dihukum mati baru penting,2026-08-09T13:48:01.000Z,10
https://www.tiktok.com/@ga_mindset5/video/7668320500543753480,j.sssaa3,Masyarakat gampang terprovokasi dan mudah menyimpulkan,2026-08-17T11:22:03.000Z,35
https://www.tiktok.com/@ga_mindset5/video/7668320500543753480,hulubalang2108,jangan terlalu di strategi strategi in mas,2026-08-19T10:51:51.000Z,19
https://www.tiktok.com/@ga_mindset5/video/7668320500543753480,renja118,keknya beneran ni 2030 indonesia bubar .,2026-08-09T18:17:51.000Z,6
https://www.tiktok.com/@ga_mindset5/video/7668320500543753480,chika_chiki_,"kalian hanya selalu melihat dari sisi negatif nya saja , padahal kalo di lihat dari sisi positif nya pun tetap tidak ada 🤗
di bawah ini ada contoh balasan komenan buzzer 👇👇",2026-08-18T03:53:20.000Z,13
https://www.tiktok.com/@ga_mindset5/video/7668320500543753480,hellorega_,siapsiap korupsi 700rb / kg ... kupas bawang... baju oren menanti,2026-08-18T01:18:00.000Z,6
https://www.tiktok.com/@ga_mindset5/video/7668320500543753480,kintanmh__,"Di era orang2 pada membicarakan pak prabowo begini begitu , aku tetap diam dan tetap suka pak prabowo🥰",2026-08-18T01:59:40.000Z,39
https://www.tiktok.com/@ga_mindset5/video/7668320500543753480,rzky.dhaan,"itu menurutlu, setiap kali wowo lu pidato, kiamat maju selangkah😌",2026-08-21T10:16:38.000Z,12
https://www.tiktok.com/@ga_mindset5/video/7668320500543753480,bunga.matahari759,apa iya bener begitu.. semoga ya Allah. aku sampe bosen dihina2 trs krn milih Prabowo😭😭,2026-08-16T14:02:55.000Z,6
https://www.tiktok.com/@ga_mindset5/video/7668320500543753480,susikhoiratuuyun,keren pak presiden ku sehat selalu pak Prabowo,2026-08-02T01:53:40.000Z,269
https://www.tiktok.com/@ga_mindset5/video/7668320500543753480,ig.refitanuraida,Dikasih presiden pemberani dan segacor ini malah di hina terus sama rakyatnya😭 sehat sehat ya pak,2026-08-18T07:06:31.000Z,48
https://www.tiktok.com/@ga_mindset5/video/7668320500543753480,toserba_sejahtera2,yang penting hukuman mati untuk koruptor nya kapan? udah gak usah berbelit belit,2026-08-08T04:42:00.000Z,7
https://www.tiktok.com/@ga_mindset5/video/7668320500543753480,riska_wr,tapi para pembenci ngartiinnya itu bodoh🥺,2026-08-16T12:46:30.000Z,28
https://www.tiktok.com/@ga_mindset5/video/7668320500543753480,ilmahmahyuni2,hanya orang-orang cerdas yang memilih dan menyukai presiden prabowo 🥰,2026-08-16T12:13:37.000Z,365
https://www.tiktok.com/@ga_mindset5/video/7668320500543753480,upilll11,"Dan anehnya klo kita dukung dan bela presiden dikatain dongo, padahal kita punya hak untuk berbeda pendapat. yah klo lu mau benci silahkan itu hak lo. dan klo saya dukung presiden juga hak sayaa 😒. Sehat-sehat pak prabowo 🤗🫶",2026-08-16T11:35:39.000Z,31
https://www.tiktok.com/@ga_mindset5/video/7668320500543753480,sugarbaby_._,Gw share ke suami biar dia ga fomo benci sma presiden tersyang gw 😏,2026-08-17T07:21:33.000Z,30
https://www.tiktok.com/@ga_mindset5/video/7668320500543753480,user917376902269,prabowo punya cara sendiri tuk basmi para koruptor... mantan kopasusssssssss mantapppppp,2026-08-04T01:25:00.000Z,1894
https://www.tiktok.com/@ga_mindset5/video/7668320500543753480,yusran_25,fakta=sepi,2026-08-04T15:55:04.000Z,150
https://www.tiktok.com/@ga_mindset5/video/7668320500543753480,debidimy3,keluarga dan teman² selalu sindir aq klw prabowo sudah pidato..aq diam aja gk ke makan omongan mereka..apapun yg terjadi prabowo selalu di hati,2026-08-17T02:12:59.000Z,27
https://www.tiktok.com/@ga_mindset5/video/7668320500543753480,sisyyyy688,"kok beda banget aplikasi ini sama ig , Ig lebih ke mahasewa semua isinya ujaran kebencian semua ke pak Prabowo heran deh",2026-08-19T02:16:01.000Z,26
https://www.tiktok.com/@ga_mindset5/video/7668320500543753480,macasumatera,"dikasih orang sederhana kek pak Gusdur dilengserkan, dikasih pak Jokowi yang rendah hati di bilang planga plongo, dikasih pak Habibi yang pintar dibilang negara butuh orang yang bisa kerja, dikasih pak Suharto yang tegas dibilang dibungkam tak mau dikritik, dikasidikasih pak SBY yang berwibawa dibilang terlalu cuek dan mementingkan golongan dan kolega, dikasih Pak Prabowo yang tegas, berwibawa, murah hati, pintar tapi minta revolusi,lantas pemimpin apa yang kalian mau dikasih pak Ahok kalian tuduh penistaan agama tak seiman, terus harus yg seperti apa, bahkan Tuhan sudah memberi semua kepada kita, kita menuntut yang sempurna, tapi manusia mana ada yg sempurna, bahkan nabi yang terkenal baikbaik dan adil pun tetep tidak dicintai oleh semua orang apalagi beliau yang cuma makhluk biasa, alangkah baiknya kita mendukung dan memperbaiki yang kurang baik.",2026-08-17T12:08:26.000Z,3876
https://www.tiktok.com/@ga_mindset5/video/7668320500543753480,efendi28_02,"Bayangkan sebuah rumah tua yang fondasinya sudah rapuh dan atapnya bocor di mana-mana. Ketika tukang mulai membongkar rumah itu untuk diperbaiki, suasana pasti akan menjadi berantakan, berdebu, bising, dan bahkan mungkin kita tidak nyaman untuk tinggal di dalamnya sementara waktu.
Tetapi apakah kita akan menyalahkan tukang yang sedang bekerja keras memperbaiki rumah tersebut? Tentu tidak. Kita tahu, debu dan ketidaknyamanan ini adalah harga yang harus dibayar demi memiliki rumah yang kokoh, aman, dan nyaman di masa depan. Begitulah kepemimpinan Bapak Presiden kita saat ini. Beliau sedang membongkar dan memperbaiki kerusakan yang sudah menahun. Prosesnya mungkin terasa menyesakkan hari ini, tapi ini semua demi fondasi Indonesia yang lebih kuat esok hari. 
Dari itu :
Belajarlah wawasan kebangsaan terhadap negara sendiri, agar tidak lahir ego yg dapat menghilangkan rasa persatuan bangsa kita.",2026-08-03T03:08:34.000Z,1154
https://www.tiktok.com/@ga_mindset5/video/7668320500543753480,user327328138424,masih nunggu gebrakan apalagi dari bapak...coming soon ya pak..biar yg ngehujat bapak melek matane..😭😭😭,2026-08-16T06:11:45.000Z,60
https://www.tiktok.com/@ga_mindset5/video/7668320500543753480,danda.nies,aku mikirnya sih emg kode...pidato presiden kan banyak disimak intel² asing buat baca langkah presiden kedepan atau sejauh mana pengetahuan presiden tentang strategi mereka...klo terlalu gamblang dan sederhana ya jadi gampang ditafsirkan...makanya presiden suka pakai analogi dan makna bias biar ga kentara...kita aja rakyatnya yg kebanyakan berisik dan kebanyakan komen padahal minim ilmu...,2026-08-16T02:00:48.000Z,35
https://www.tiktok.com/@ga_mindset5/video/7668320500543753480,hanahnv,"""Upah Kupas Bawang 700k/bulan""
YAKIN GUA! Ini juga kode
plot twist yang mengejutkan, mungkin akan ketemu koruptor atau apapun yg menjurus ke angka ""700"" 🤭",2026-08-18T00:51:30.000Z,111
https://www.tiktok.com/@ga_mindset5/video/7668320500543753480,dekus660,"menurut saya memang benar Prabowo tuluss,cuman memang perlu waktu buat benahi negara yang bobrok ini",2026-08-04T04:48:27.000Z,83
https://www.tiktok.com/@ga_mindset5/video/7668320500543753480,juminingnzbk,kalo pidato 10+6 = 17 apakah beneran akan kejadian,2026-08-16T16:24:42.000Z,103
https://www.tiktok.com/@ga_mindset5/video/7668320500543753480,hasanmaswa400,presiden segacor ini yang dilihat cuma MBG sama kopdesnya aja 🤣🤣,2026-08-05T12:32:26.000Z,5185
https://www.tiktok.com/@ga_mindset5/video/7668320500543753480,ealytaarsy,"banyak kali buzzernya prabowo disini, orang udah jelas² blunder kok",2026-08-17T06:11:05.000Z,232
https://www.tiktok.com/@ga_mindset5/video/7668320500543753480,zahralmuzani,percuma juga kalo rakyat jadi korban,2026-08-02T02:22:05.000Z,10
https://www.tiktok.com/@ga_mindset5/video/7668320500543753480,daunemas17,tapi kenapa ekonomi berat sekali di jaman ini,2026-08-09T19:44:46.000Z,33
https://www.tiktok.com/@ga_mindset5/video/7668320500543753480,user84388559821790538,"pak prabowo sengaja bgt mancing biar rame dan dibahas terus sampe sebuah kasus terbongkar,itu clue ya guys,bukan blunder",2026-08-16T15:50:00.000Z,1154
https://www.tiktok.com/@ga_mindset5/video/7668320500543753480,daunpintuuu,"berarti kalau pak Prabowo pidato, bisa jd itu clue yg bakal kejadian, begitu kah?",2026-08-04T15:26:53.000Z,897
https://www.tiktok.com/@ga_mindset5/video/7668320500543753480,juintanjung.14,"2029,ganti presiden",2026-08-05T06:45:01.000Z,14
https://www.tiktok.com/@ga_mindset5/video/7668320500543753480,slbyslsblla,"bawang merah 700rb/kg, curiga korupsi kopdes dehh kopdes identik warna merah kan? bawang merah? kupas bawang merah? kupas kopdes kah? 😵",2026-08-16T03:09:19.000Z,26
https://www.tiktok.com/@ga_mindset5/video/7668320500543753480,agusarifin7813,"omon"", percuma kalau rakyat jd korban,.",2026-08-02T05:32:16.000Z,96
https://www.tiktok.com/@ga_mindset5/video/7668320500543753480,mamak.farhan867,"dannnn program mbg ini ,menangkap para koruptor mereka yg haus akan uang masuk ke dalam prngkap pak prabowo melalui program mbg satu persatu koruptor trtangkap dari program trsebut😁",2026-08-17T02:26:12.000Z,23
https://www.tiktok.com/@ga_mindset5/video/7668320500543753480,kang_mill,Jangan² ada anggaran kupas bawang 700rb per kg,2026-08-16T22:49:04.000Z,47
https://www.tiktok.com/@ga_mindset5/video/7668320500543753480,vyy.shi,gw ksian liat pak Prabowo bnyak bgt hatersnya,2026-08-17T23:47:02.000Z,41
https://www.tiktok.com/@ga_mindset5/video/7668320500543753480,dnnardlaaaa__,tapi setiap x dia ngasih bocoran rakyat” nya langsung cepat x bilang “NYESAL PILIH PRABOWO” lol,2026-08-16T16:18:44.000Z,33
https://www.tiktok.com/@ga_mindset5/video/7668320500543753480,lindandha24,"sekarg tinggal pengupas bawang 700rbu/kg, kaya ny ini menjurus ke MBG",2026-08-17T01:06:15.000Z,239
https://www.tiktok.com/@ga_mindset5/video/7668320500543753480,blackdiamond29.com,"tapi sarwendah pas di cherrybelle juga ga begitu terkenal , dia terkenal karna ruben onsu setauku",2026-08-18T21:26:08.000Z,5
https://www.tiktok.com/@ga_mindset5/video/7668320500543753480,23ariess0,jangan2 bawang 700 per kilo bakal ada korupsi 700T yang ke bongkar,2026-08-15T18:20:53.000Z,36
https://www.tiktok.com/@ga_mindset5/video/7668320500543753480,ini_iyos,Presiden segacor ini tiap pidato d cut d ejek 🫠,2026-08-16T04:24:08.000Z,179
https://www.tiktok.com/@ga_mindset5/video/7668320500543753480,kurnia.nia5059,Kyknya kupas bawang itu adlah clue.. Tkutnya tbtb 700M / T,2026-08-17T15:33:43.000Z,37
https://www.tiktok.com/@ga_mindset5/video/7668320500543753480,bungabougenvile,"Jangan"" kupas bawang 700 ribu ada kaitannya sama MBG atau korupsi yang lain nih 😁",2026-08-16T05:24:14.000Z,172
https://www.tiktok.com/@ga_mindset5/video/7668320500543753480,juntak_mardaup_15,"hati hati menyikapi beriita berita yg beredar,,banyak buzzer pemerintah",2026-08-01T15:13:45.000Z,24
https://www.tiktok.com/@ga_mindset5/video/7668320500543753480,terios55,tapi di era Prabowo orang kaya makin kaya. rakyatnya gak dipikirin,2026-08-02T04:16:22.000Z,5
https://www.tiktok.com/@ga_mindset5/video/7668320500543753480,asri.1398,jangan jangan kupas bawang 700rb per kg itu clue selanjutnya 🤭,2026-08-24T05:21:10.000Z,3
https://www.tiktok.com/@ga_mindset5/video/7668320500543753480,lailirosydh,"gais sebenernya pak Prabowo bagus ke pimpinanya,contoh kecil beras skrg tidak lagi impor",2026-08-16T23:09:13.000Z,38
https://www.tiktok.com/@ga_mindset5/video/7668320500543753480,mayun.99,Pdahal dia pidato sambil kluarin rahasia” yg kita tdak tau tpi di judge🥹 kalian paham gk sih setiap pak PRABOWO ngomong itu dia bongkar smua???? Tpi malah di judge abis”an😭,2026-08-18T01:55:06.000Z,28
https://www.tiktok.com/@ga_mindset5/video/7668320500543753480,widi_wtjksn,"Ga pernah ngehujat beliau, krna aku yakin pak prabowo orng pintar dan cerdas. Jdi didalam pidato pasti ada rahasia yg sedang dibongkar.",2026-08-16T06:07:18.000Z,55
https://www.tiktok.com/@ga_mindset5/video/7668320500543753480,inarafakhira,"Tapi w sllu bangga sama pak Prabowo beliau cerdas,,rakyat nya aja yg gk peka",2026-08-17T03:21:17.000Z,56
https://www.tiktok.com/@ga_mindset5/video/7668320500543753480,wulannnn0220,diantara gempuran gen z yang pada benci prabowo aku tetep tim yg setia sama beliau,2026-08-18T00:20:07.000Z,35
https://www.tiktok.com/@ga_mindset5/video/7668320500543753480,bonadomee,"pokoknya kalau banteng berkuasa semua aman dan rakyat dipaksa menerima, tapi kalau banteng gak berkuasa semua dibuat kisruh, chaos, adu domba dimana mana. perhatikan aja",2026-08-05T11:35:03.000Z,7
https://www.tiktok.com/@ga_mindset5/video/7668320500543753480,daori365,"Hidup prabowo
3 Periode
JAWA DUKUNG ANDA PAK
Dari pada JOKOWI",2026-08-18T10:30:55.000Z,17
https://www.tiktok.com/@ga_mindset5/video/7668320500543753480,barisanprabowo0,"jangan mau di adu domba,kita tetap di barisan pak Prabowo",2026-08-16T09:19:31.000Z,38
https://www.tiktok.com/@ga_mindset5/video/7668320500543753480,ray.motor.store,"makanya jangan mandang rendah Prabowo, bisa yoo, Prabowo 2 periode,
calon komisaris 2030",2026-08-17T02:40:44.000Z,28
https://www.tiktok.com/@ga_mindset5/video/7668320500543753480,rifanindian,"pdhl pak prabowo klo ceramah suka nyindir,tpi rakyatnya ga ngerti dibawa srius plenger",2026-08-17T02:28:55.000Z,50
https://www.tiktok.com/@ga_mindset5/video/7668320500543753480,semngat58,"salut Ama presiden Prabowo, korupsi semua di berantas,👍👍👍",2026-08-03T08:03:58.000Z,6
https://www.tiktok.com/@ga_mindset5/video/7668320500543753480,borusimatupang61,gue selalu dukung pak prabowo,2026-08-16T15:01:33.000Z,6
https://www.tiktok.com/@ga_mindset5/video/7668320500543753480,sutoblko_13,intinya inti hukuman mati koruptor + perampasan aset kapan di sahno !,2026-08-18T21:00:17.000Z,11
https://www.tiktok.com/@ga_mindset5/video/7668320500543753480,anggraini9423,tp mmg indo nii konsepnya selalu telan mentah2 setiap kalimat yg keluar dr pak prabowo. gampang banget kebawa emosi. kalo mau hidup enak mending kalian coba jd presiden😅,2026-08-19T04:30:56.000Z,21
https://www.tiktok.com/@ga_mindset5/video/7668320500543753480,hevana_rahayu,"distatus wa banyak banget yang bikin lellucon 700 rb/ kg upah bawang.. aku ketawa ajaaa belum tau aja nnti bakal rame ada yang keciduk 😁..
ga ngertii kode sih",2026-08-16T08:59:28.000Z,3334
https://www.tiktok.com/@ga_mindset5/video/7668320500543753480,intan.deviana.put,"muak banget sama orang yang olok"" pak prabowo,gara"" beliau ngmong 700rb/kg .... tunggu aja gong nya, merka bakal ngehilang dari line yang ngolok"" beliau",2026-08-17T02:38:02.000Z,26
https://www.tiktok.com/@totti.hutabarat/video/7692804779801693447,ushana7,bapak itu kesayangannya gen alpha🥰,2026-10-05T03:33:39.000Z,476
https://www.tiktok.com/@totti.hutabarat/video/7692804779801693447,totti.hutabarat,"Jika suatu hari langkahmu terasa sunyi,
ketika suara-suara riuh memilih pergi,
dan ketika perjuanganmu disalahpahami oleh mereka yang tak pernah melihat beratnya jalan yang kau tempuh
ingatlah, Pak Prabowo...
Jika pendukungmu hanya satu,
maka itu aku.
Bukan karena aku menganggapmu tanpa salah.
bukan pula karena aku menutup mata pada segala kekurangan.
Aku hanya percaya,
bahwa seorang pemimpin tidak selalu dinilai dari tepuk tangan,
tetapi dari keberaniannya berdiri ketika tepuk tangan itu berhenti.
Jika negeri ini terlalu bising untuk mendengar niat baikmu,
biarlah kesetiaanku menjadi suara yang paling sederhana:
aku masih di sini.
Jika banyak yang memilih meragukan langkahmu,
aku akan memilih menunggu hasilnya.
Jika banyak yang menertawakan perjuanganmu,
aku akan memilih percaya bahwa sejarah kelak akan berbicara lebih jujur daripada manusia.
Pak Prabowo,
jika pendukungmu hanya satu,
maka itu aku.
Dan jika suatu hari bahkan satu itu terasa terlalu sedikit,
ingatlah:
satu hati yang tulus tidak pernah benar-benar kecil di hadapan sebuah perjuangan.🫡🫡",2026-10-05T14:03:36.000Z,120
https://www.tiktok.com/@totti.hutabarat/video/7692804779801693447,mujiburrahman9865,tenang pak.. 58% msh bersamamu. bahkan nambah,2026-10-05T09:22:59.000Z,1277
https://www.tiktok.com/@totti.hutabarat/video/7692804779801693447,tunik2519,sehat selalu nggeh PK presiden Prabowo 🫶🫶,2026-10-05T08:51:34.000Z,1
https://www.tiktok.com/@totti.hutabarat/video/7692804779801693447,yuji_2208,Presiden hebat ku😭😭,2026-10-05T16:28:35.000Z,28
https://www.tiktok.com/@totti.hutabarat/video/7692804779801693447,libra.oktober659,sht slu bpk,2026-10-05T07:57:37.000Z,8
https://www.tiktok.com/@totti.hutabarat/video/7692804779801693447,ismahkandiione,"Perlu Kalian Tau Guys Anak Kecil itu Lebih Peka dan tau Mana Orang yg Tulus,Baik dan Mana Orang yg ...... Isi sendiri aja 🥹🥹🥹🥹
Panjang Umur dan Sehat Selalu Bapak Presiden Prabowo Subianto 🤲🤲🥹🥹",2026-10-05T08:43:37.000Z,242
https://www.tiktok.com/@totti.hutabarat/video/7692804779801693447,ree.reni,"tenang pak aku IRT yg katanya harga smbako mahal tapi aku bisa membelinya , ketimbang di jaman semua srba murah tapi makan ayam aja stahun sekali...😁",2026-10-05T11:53:18.000Z,263
https://www.tiktok.com/@totti.hutabarat/video/7692804779801693447,gjdheggfktvbhgbj,sehat2 pak jendral🤲🏻,2026-10-05T08:30:27.000Z,8
https://www.tiktok.com/@totti.hutabarat/video/7692804779801693447,remajabullking1,Pak Angin Dari Mafia Itu Sangat Kuat ya pak Tapi bapak Masih Kuat Untuk Kemajuan Negeri Ini Jika bapak masih Kuat maka Kami Pendukung Bapak tetap Terus Mendukung bapak Sampai kekayaan RI Kembali Ke tangan Republik Ini 💪🏻💪🏻,2026-10-05T07:38:29.000Z,160
https://www.tiktok.com/@totti.hutabarat/video/7692804779801693447,sigithasilsamudra,tolong sehat dan hidup lebih lama jendral 😊,2026-10-05T08:44:23.000Z,49
https://www.tiktok.com/@totti.hutabarat/video/7692804779801693447,dapurqian0606_,sehat2 ya pa🥹Allah gak tidur,2026-10-05T08:25:06.000Z,15
https://www.tiktok.com/@totti.hutabarat/video/7692804779801693447,khusus.emak.emak,kmi setia brada dlm barisan mu pak Prabowo,2026-10-05T11:08:25.000Z,10
https://www.tiktok.com/@totti.hutabarat/video/7692804779801693447,stevano5112,"Pak kelak akan aku ceritakan keanak anakku , kalau negara ini pernah punya pemimpin yg hebat dan pemimpin itu bernama PRABOWO SUBIANTO❤️🥹
Hiduplah lebih lama pak❤️",2026-10-05T16:32:27.000Z,11
https://www.tiktok.com/@totti.hutabarat/video/7692804779801693447,.linda1295,g pernah sesayang ini kpda presiden😭,2026-10-05T08:44:09.000Z,5
https://www.tiktok.com/@totti.hutabarat/video/7692804779801693447,momyarrel,ank kecil bisa merasakan bahwa hati presiden itu penyayang,2026-10-05T08:26:20.000Z,26
https://www.tiktok.com/@totti.hutabarat/video/7692804779801693447,anahh913,Org setulus dan sebaik ini malah di hujat🥺,2026-10-05T09:35:25.000Z,6
https://www.tiktok.com/@totti.hutabarat/video/7692804779801693447,reea996,Aku sedih banget diusia bapak yg gak muda lagi harus menghadapi mafia dan rakyat nya sendiri😭,2026-10-05T16:59:22.000Z,6
https://www.tiktok.com/@totti.hutabarat/video/7692804779801693447,alifiani_fani,"bapakkkkk.... aku ingin ketemu...
bapa panjang umur 😭",2026-10-05T08:31:25.000Z,9
https://www.tiktok.com/@totti.hutabarat/video/7692804779801693447,alifahnahdafarand,pak ank sy sudh 3 minggu makn mbg☺️senang sekali mereka,2026-10-05T12:06:25.000Z,9
https://www.tiktok.com/@totti.hutabarat/video/7692804779801693447,ingmedyarahman,dek... beliau terpisah dengan istri dan anak kandungnya saat anaknya seusia mu dek.,2026-10-05T08:19:41.000Z,46
https://www.tiktok.com/@totti.hutabarat/video/7692804779801693447,fishamilqis,🥺sehat terus ya pak🤲,2026-10-05T03:26:22.000Z,14
https://www.tiktok.com/@totti.hutabarat/video/7692804779801693447,muhammadgibranabq,"hidup Prabowo 💪
Prabowo 2 periode 💪",2026-10-05T06:29:54.000Z,20
https://www.tiktok.com/@totti.hutabarat/video/7692804779801693447,tettyyy__fauzia,Sehat selalu dan panjang umur ya Pak🤲❤️,2026-10-05T06:37:40.000Z,8
https://www.tiktok.com/@totti.hutabarat/video/7692804779801693447,queen_iwiq,kuat bgt sih pak. disaat negara lain sudah maju pemerintah kita malah sibuk membersihkan negara ini dari maling maling itu pak. negara yg kaya bahkan sangat kaya semua serba ada dan mudah didapat. 1 periode saja tidak cukup untuk negeri ini pak. 🥰 jika suatu saat bapak pergi ku harap ada yg menggantikan jiwamu pak.. 🥲😭. panjangkan umurnya Ya Allah negara kami butuh seseorang yang jujur tulus seperti dia.,2026-10-05T07:08:27.000Z,94
https://www.tiktok.com/@totti.hutabarat/video/7692804779801693447,arfnfrznii_,🤲sehat selalu pak 🙏🏻,2026-10-05T06:33:26.000Z,5
https://www.tiktok.com/@totti.hutabarat/video/7692804779801693447,lingling_845,Ya Allah .. sehat sehat bapak Prabowo Subianto... semoga panjang umur .. aaminn,2026-10-05T06:49:30.000Z,16
https://www.tiktok.com/@totti.hutabarat/video/7692804779801693447,nesya_jombloo,Sehat Sellu Bpk Presiden Ku 🇮🇩 ❤️🤍,2026-10-05T07:16:16.000Z,9
https://www.tiktok.com/@totti.hutabarat/video/7692804779801693447,rantindra,sehat selalu ya pak,2026-10-05T00:19:03.000Z,12
https://www.tiktok.com/@totti.hutabarat/video/7692804779801693447,namakusofie,"pakk aku jadi guru sekolah rakyat, aku ditolak Pemda, diterima di kementerian, nangis aku pak",2026-10-05T13:43:45.000Z,48
https://www.tiktok.com/@totti.hutabarat/video/7692804779801693447,khoiruni4,Ya Allahh gue nangiss lagii tiktok nih apaan si,2026-10-05T09:16:03.000Z,2
https://www.tiktok.com/@totti.hutabarat/video/7692804779801693447,andysfamily0,"bapak Probowo tuh cm pengen anak2 bangsa tumbuh sehat bahagia tidak ad lagi kelaparan, tapi si manusia2 tamak yg biasa hidup enak gak setuju malah trus menyalahkan,memfitnah, dan trus membenci bapak Presiden Prabowo",2026-10-05T10:30:45.000Z,4
https://www.tiktok.com/@totti.hutabarat/video/7692804779801693447,sreeck00,Sangat hangat.,2026-10-05T04:41:47.000Z,4
https://www.tiktok.com/@totti.hutabarat/video/7692804779801693447,awell_wawewow,"pak, aku rela balesin komen haters itu demi bela bapa😭 sehat selalu bapakku🥺",2026-10-05T23:54:23.000Z,0
https://www.tiktok.com/@totti.hutabarat/video/7692804779801693447,alyagalang0109,kenapa tiap liat beliau bawaannya mewek ya.. orang setulus ini banyak di fitnahnya..semoga Allah selalu memberi kesehatan untuk Pak Presidenku🥰🥺,2026-10-06T00:59:22.000Z,0
https://www.tiktok.com/@totti.hutabarat/video/7692804779801693447,user953120921811,"pas liat video ini kasian sama pak prabowo, pas liat video dia gk jabat tangan sama pak jokowi apa dia gk liat gua kesel, ya Allah ini gimana si",2026-10-05T14:06:45.000Z,1
https://www.tiktok.com/@totti.hutabarat/video/7692804779801693447,cantik.soleha_07,sehat panjang umur presiden RI Prabowo Subianto,2026-10-05T11:48:52.000Z,2
https://www.tiktok.com/@totti.hutabarat/video/7692804779801693447,janesia33,anak2 tu pada suka sama bpaak.. anakq setiap ad postingan bapak selalu bilang pengen kaya pak prabowo.. pdhaal aq ga pernah ngomongin bapak sekalipun,2026-10-05T09:06:37.000Z,5
https://www.tiktok.com/@totti.hutabarat/video/7692804779801693447,setitikrindu14,sehat selalu ya pak 🙏🥰,2026-10-06T00:09:47.000Z,0
https://www.tiktok.com/@totti.hutabarat/video/7692804779801693447,rimajunianti,bapakkk kerennnn🥰,2026-10-06T01:18:19.000Z,0
https://www.tiktok.com/@totti.hutabarat/video/7692804779801693447,ceciliaputri07,"pak prabowo tau ga pak alm om saya tuk kepingin banget bapak jdi presiden tapi keburu om saya di ambil Allah belum sempat milih bapak untuk terakhir kali pak, saya yakin banget om saya senang disana lihat bapak jdi presiden skrg[Menangis] sehat sehat ya pak",2026-10-05T14:02:14.000Z,1
https://www.tiktok.com/@totti.hutabarat/video/7692804779801693447,mongan15,"Gemoykuuuu,sehat dan panjang umur Bapak Presidentku[Hati merah]",2026-10-05T23:44:11.000Z,0
https://www.tiktok.com/@totti.hutabarat/video/7692804779801693447,lee_ong,Bapak tu sesayang itu sama anak2 negaranya,2026-10-05T11:23:37.000Z,0
https://www.tiktok.com/@totti.hutabarat/video/7692804779801693447,_dwie456,"org setulus ini tapi banyak yg nyinyir, dan mereka cari kesalahannya padahal beliau sedang berjuang memperbaiki cacatnya negeri ini yg tdk mungkin bisa selesai dgn instan...",2026-10-05T10:16:25.000Z,1
https://www.tiktok.com/@totti.hutabarat/video/7692804779801693447,saidigunawan,hebat anak ini,2026-10-05T03:56:18.000Z,2
https://www.tiktok.com/@totti.hutabarat/video/7692804779801693447,sabillaputri755,"tetangga ku yg selalu jelekin progaram pak prabowo dan setwlah pak orabowo ke gontor buat ngesahin apaa gitu lupa deh pokojnya di gontor, twtangga aku ga pernah ngejudge presiden lagi karna anaknya mondok di gontor wkwk",2026-10-05T14:50:50.000Z,1
https://www.tiktok.com/@totti.hutabarat/video/7692804779801693447,izyan154,mksh pak galon ga naik gas ga naik udah syukur Alhamdulillah,2026-10-05T13:54:29.000Z,1
https://www.tiktok.com/@totti.hutabarat/video/7692804779801693447,simanalagi1212,Dia sudah berkecukupan dngn duniawi nya dia berjuang untuk generasi cemerlang bangsanya dngn asupan gizi nya dll bukan kedudukannya dan genarasi keluarganya,2026-10-05T06:45:15.000Z,12
https://www.tiktok.com/@totti.hutabarat/video/7692804779801693447,yanti12389,beliau klu lihat anak kecil sm rakyat kecil vibesnya aslinya Ikhlas sekali 🥹🥰,2026-10-05T13:24:38.000Z,1
https://www.tiktok.com/@totti.hutabarat/video/7692804779801693447,fajar.ramadan279,keliatan muka iklhas nya,2026-10-05T21:35:45.000Z,0
https://www.tiktok.com/@totti.hutabarat/video/7692804779801693447,cinta_mati12kn,de kenangan selama nya itu dipegang sma pak prabowo yg tk akan terulang lgi[Menangis],2026-10-05T11:58:02.000Z,1
https://www.tiktok.com/@totti.hutabarat/video/7692804779801693447,nurfika_rahmawati,bpak sayang bnget sama anak2🥰🥰,2026-10-05T09:23:24.000Z,1
https://www.tiktok.com/@totti.hutabarat/video/7692804779801693447,muzlichay,sehat selalu bapakku[Mata hati],2026-10-05T20:17:04.000Z,0
https://www.tiktok.com/@totti.hutabarat/video/7692804779801693447,dewinuryani2705,sehat selalu dan panjang umur ya pak🤲,2026-10-05T11:28:31.000Z,4
https://www.tiktok.com/@totti.hutabarat/video/7692804779801693447,wilianti001,"udh mau 2 minggu aku ga debat ama anak abah 😂😂😂
pada kemane?",2026-10-05T11:46:40.000Z,91
https://www.tiktok.com/@totti.hutabarat/video/7692804779801693447,widianaubaidilah,Bapak sehat”ya pak. Indonesia masih butuh bapak,2026-10-06T00:25:17.000Z,0
https://www.tiktok.com/@totti.hutabarat/video/7692804779801693447,sijeuni472,selama kucing dan anak kecil sayang sama bapak itu membuktikan bapak orang yg baik 😭,2026-10-05T22:42:49.000Z,0
https://www.tiktok.com/@totti.hutabarat/video/7692804779801693447,mpok_demplon,ktika 15 th k dpn qm punya knangan dkt dg bliau y nak smoga qm jd ank yg sukses dan berbakti mngabdi to bngsa ini y.Aamiin YRA🤲🏼,2026-10-05T05:05:47.000Z,39
https://www.tiktok.com/@totti.hutabarat/video/7692804779801693447,iklima94_,"sampai kapanpun bapak menjabat jadi presiden, saya disini pak, saya menemani bapak, sehat selalu 🥰",2026-10-05T22:04:54.000Z,0
https://www.tiktok.com/@totti.hutabarat/video/7692804779801693447,azka26212,pak tau gak... kakek aku pasti seneng banget negaranya sudah dipimpin sama bapak karna dulu kakek aku suka milih partai bapak kalau lagi pemilihan.. tapi sekarang kakek aku udah mininggal dari tahun 2017..andai aja beliau masih hidup sampai sekarng pasti dukung bapak sampai 2priode 🥰🥰,2026-10-05T10:55:59.000Z,19
https://www.tiktok.com/@totti.hutabarat/video/7692804779801693447,saidigunawan,tahu presiden yg ikhlasn adalah Prabowo,2026-10-05T03:56:48.000Z,7
https://www.tiktok.com/@totti.hutabarat/video/7692804779801693447,peri.hermansyah7,anak anak banyak yg sayang sama pak Prabowo termasuk anak ku juga padahal anaku belum dewasa tapi dia bilang presiden sekarang bapak Prabowo mempunyai hati yg hangat dan ikhlas,2026-10-05T06:05:19.000Z,7
https://www.tiktok.com/@totti.hutabarat/video/7692804779801693447,uti1708,"anak kecil bisa mrasakan orng yg tulus🥺🥰
sehat² ya pak",2026-10-05T16:04:29.000Z,2
https://www.tiktok.com/@totti.hutabarat/video/7692804779801693447,adaraeka.c,"Anakku umur 4 taun aj bilang gini ""Anak"" suka ya sama pak prabowo adek juga sayang sama prabowo 😭",2026-10-05T15:15:29.000Z,2
https://www.tiktok.com/@totti.hutabarat/video/7692804779801693447,didi_di4,bapak jangan takut 58% masih bersama bapak...dan akan bertambah terus,2026-10-05T13:58:41.000Z,2
https://www.tiktok.com/@totti.hutabarat/video/7692804779801693447,putriyani632,paaak sehat sehat yaa,2026-10-05T10:11:48.000Z,3
https://www.tiktok.com/@totti.hutabarat/video/7692804779801693447,free.palestine15132,SEHAT SELALU DAN PANJANG UMUR PAK PRESIDEN PRABOWO ❤️❤️❤️❤️❤️❤️❤️,2026-10-05T09:31:54.000Z,3
https://www.tiktok.com/@totti.hutabarat/video/7692804779801693447,aimaturofikhah,"kok nangis sih banyak yang menyerang bapak sehat"" terus ya pak",2026-10-05T10:45:11.000Z,1
https://www.tiktok.com/@totti.hutabarat/video/7692804779801693447,ilham_armdahrp,sehat selalu pak🫡,2026-10-05T09:28:33.000Z,1
https://www.tiktok.com/@totti.hutabarat/video/7692804779801693447,fauzan.rahman07,ini kalo saya jadi SW pasti rame 😂,2026-10-05T10:14:56.000Z,1
https://www.tiktok.com/@totti.hutabarat/video/7692804779801693447,happy.life1285,Paaa sehat selalu🥰,2026-10-05T09:16:57.000Z,1
https://www.tiktok.com/@totti.hutabarat/video/7692804779801693447,capriy.1,Sehat selalu ya bapak Prabowo 🥰,2026-10-05T10:40:53.000Z,1
https://www.tiktok.com/@totti.hutabarat/video/7692804779801693447,armyindo2295,saya masih di barisan depan pak,2026-10-05T10:15:43.000Z,2
https://www.tiktok.com/@totti.hutabarat/video/7692804779801693447,pengabdidietday1,sehat selalu tulang punggung negaraku[Menghangatkan hati],2026-10-05T10:33:03.000Z,2
https://www.tiktok.com/@totti.hutabarat/video/7692804779801693447,www.raimon.com,"sehat"" ya pakk",2026-10-05T08:05:17.000Z,4
https://www.tiktok.com/@totti.hutabarat/video/7692804779801693447,ibuanakdua_88,Love you bappaku💕💕,2026-10-05T13:27:46.000Z,1
https://www.tiktok.com/@totti.hutabarat/video/7692804779801693447,ibuanak203,bapak sehat terus yaa🥰,2026-10-05T12:49:38.000Z,1
https://www.tiktok.com/@totti.hutabarat/video/7692804779801693447,ziyadatulkhoer29,pengen jugaa ketemu bapk langsung 🥹🫶🫶,2026-10-05T14:16:07.000Z,2
https://www.tiktok.com/@totti.hutabarat/video/7692804779801693447,sari.okta_,aku pastikan selalu di barisan mu pak 🥺,2026-10-05T11:51:49.000Z,2
https://www.tiktok.com/@totti.hutabarat/video/7692804779801693447,black_nsweet,"aku save ya, karena salfok anak kecilnya manis banget senyumnya",2026-10-05T21:17:07.000Z,0
https://www.tiktok.com/@totti.hutabarat/video/7692804779801693447,ridaimi14,sehat-sehat bapak🤗,2026-10-05T20:47:00.000Z,0
https://www.tiktok.com/@totti.hutabarat/video/7692804779801693447,vinna_marcelina,"pak pengen ketemu,terus peluk eraattt banget agar rasa terimakasihku bisa tersampaikan😭",2026-10-05T19:08:08.000Z,0
https://www.tiktok.com/@totti.hutabarat/video/7692804779801693447,viethaphyganha5,barusan bgt liat story wa sahabat sendiri yang nyindir bapak gegara ketiduran di tribun rasanya sakit bgt woyyy😭 parah bgt yaa orang kalau udah benci padahal dia taat ibadahnya tapi kok hatinya kek gitu,2026-10-05T17:53:42.000Z,1
https://www.tiktok.com/@totti.hutabarat/video/7692804779801693447,kanayy823,"bapaaaaaak.... .di eramu, kita berhasil juara Asean cup paak.... 🥺🥺🥺😭😭",2026-10-05T17:11:18.000Z,1
https://www.tiktok.com/@totti.hutabarat/video/7692804779801693447,selvisulandari,Diera bapak prabowo kita champion😭😭,2026-10-05T17:02:47.000Z,1
https://www.tiktok.com/@totti.hutabarat/video/7692804779801693447,watchvibe5,sehat sehat bapak🥺🥺🫡,2026-10-05T16:53:45.000Z,1
https://www.tiktok.com/@totti.hutabarat/video/7692804779801693447,fitrieanizar,bapak gue ini😭,2026-10-05T11:32:35.000Z,2
https://www.tiktok.com/@totti.hutabarat/video/7692804779801693447,ledisssgemol_017,Panjang umur ya pak wo🥺,2026-10-05T15:12:54.000Z,1
https://www.tiktok.com/@totti.hutabarat/video/7692804779801693447,nyai.iteng.tea,"siapa pun presiden Indonesia tidak akn luput dari hujan sebagian orang yang tidak suka,, Semoga bapak sehat selalu",2026-10-05T09:20:54.000Z,2
https://www.tiktok.com/@totti.hutabarat/video/7692804779801693447,imisyou1612,emng benar ya orang klau hati nya baik pasti ada aja orang yang memburukkan namanya dan sampai menfitnah nya bapak sehat terus ya 🥺 aku beryukur bisa memilih bapak jadi presiden,2026-10-05T16:26:04.000Z,1
https://www.tiktok.com/@totti.hutabarat/video/7692804779801693447,deen040117,Aku padamu pak🥺🫶,2026-10-05T12:01:00.000Z,1
https://www.tiktok.com/@totti.hutabarat/video/7692804779801693447,usernamee.19_19,"pak walpun saya di serang dari segala arah saya tetep ngeyel di kubu lawan kalo bapak itu bapak negara yang bikin saya bangga dan , sehat2 bapak biar bisa 3 periode",2026-10-05T12:21:12.000Z,3
https://www.tiktok.com/@totti.hutabarat/video/7692804779801693447,anisa27mei23,sehat terus pak,2026-10-05T12:37:32.000Z,1
https://www.tiktok.com/@totti.hutabarat/video/7692804779801693447,sripulung7,Luar biasa.......hati yg tulus....terus berbuat yang terbaik untuk NKRI 👍👍👍👍,2026-10-05T10:57:21.000Z,1
https://www.tiktok.com/@totti.hutabarat/video/7692804779801693447,ndi_makkariri,insyaallah bapak orang baik doa kami selalu yg terbaik buat bapak,2026-10-05T08:56:46.000Z,2
https://www.tiktok.com/@totti.hutabarat/video/7692804779801693447,nigstn_,sehat selalu bapak🥺,2026-10-05T11:35:29.000Z,1
https://www.tiktok.com/@totti.hutabarat/video/7692804779801693447,mitasartikasari,"liat bapak gini aja aku nangis pak ,
knp mereka yg membenci bapak nggak berhenti fitnah bapak tanpa ampun.
sehat sllu pak presiden ku 🥹",2026-10-05T12:12:16.000Z,2
https://www.tiktok.com/@totti.hutabarat/video/7692804779801693447,suryarajinsholat,sehat selalu presidenku🥰🥰🥰,2026-10-05T14:11:54.000Z,1
https://www.tiktok.com/@totti.hutabarat/video/7692804779801693447,ai.nurjanah332,ko aku nagis ya liat gini juga .sehat sehat bapaku🥰,2026-10-05T08:44:49.000Z,1
https://www.tiktok.com/@totti.hutabarat/video/7692804779801693447,aisyani07,pak sehat2 selalu ya jangan dengerin apa kata pembencimu🥺,2026-10-05T12:10:19.000Z,1
https://www.tiktok.com/@totti.hutabarat/video/7692804779801693447,ld1234gu.n,sehat selalu pak🥰,2026-10-05T08:41:51.000Z,1
https://www.tiktok.com/@totti.hutabarat/video/7692804779801693447,rimah706,"sumpah yaa, kalo gue tbtb ketemu pak prabowo, gabisa berkata-kata gue mah
mewek doang yg ada sm peluk bapak [Menangis][Menangis]🤗🤗",2026-10-05T16:35:51.000Z,1
https://www.tiktok.com/@totti.hutabarat/video/7692804779801693447,ratnagalih58,sehat sllu BPK,2026-10-05T12:21:37.000Z,1
https://www.tiktok.com/@totti.hutabarat/video/7692804779801693447,za_kiaa2,bapak jendralku,2026-10-05T05:39:31.000Z,2
https://www.tiktok.com/@totti.hutabarat/video/7692804779801693447,milkteaaaja_,sehat sehat bapak,2026-10-05T06:22:39.000Z,2
https://www.tiktok.com/@totti.hutabarat/video/7692804779801693447,exfo22,pingin posting di wa 😌 tp bapa ku pendukung barisan sakit hati,2026-10-05T11:53:49.000Z,1
https://www.tiktok.com/@totti.hutabarat/video/7692804779801693447,mamakeysha56,masyaallah,2026-10-05T11:14:40.000Z,1
https://www.tiktok.com/@totti.hutabarat/video/7692804779801693447,zudan.ra,njirrr 😭,2026-10-05T15:20:26.000Z,0
https://www.tiktok.com/@totti.hutabarat/video/7692804779801693447,random_rach,Masyaallah,2026-10-05T13:41:32.000Z,0
https://www.tiktok.com/@totti.hutabarat/video/7692804779801693447,masrifah3putra,sehat selalu panjang umur bapak presiden ku 🤲,2026-10-05T08:50:09.000Z,2
https://www.tiktok.com/@totti.hutabarat/video/7692804779801693447,ertayupita,"setiap liat bapak rasanya pengen nangis🥹 sedih nya itu terharu perjuangan bapak untuk NKRI, bapak semoga ALLAH selalu sehatkan bapak, panjang umurnya, dikelilingi orang² yang baik🤲😇",2026-10-05T16:36:45.000Z,2
https://www.tiktok.com/@totti.hutabarat/video/7692804779801693447,intanzulinda,Gatau bawaannya sedih kalau lihat bapakkkk 😭 cengengggg bgt aku,2026-10-05T09:24:03.000Z,3
https://www.tiktok.com/@totti.hutabarat/video/7692804779801693447,miaww9289,"Belum pernah sayang sama presiden, tapi kali ini asli sayang bgt 😭😭",2026-10-05T08:56:33.000Z,1
https://www.tiktok.com/@totti.hutabarat/video/7692804779801693447,mitadini90,sehat2 paaak..🩷🩷🥺,2026-10-05T07:32:37.000Z,2
https://www.tiktok.com/@totti.hutabarat/video/7692804779801693447,baby_cimol27,"bapak sehat selalu ya sejak dari aku kecil aku sudah mengidolakan bapak..aku tidak pernah berpaling meskipun di sekeliling ku hampir semua nya tidak suka sama bapak, tapi aku akan tetap ada di barisan paling terdepan pak[Menghangatkan hati]",2026-10-05T11:39:05.000Z,2
https://www.tiktok.com/@totti.hutabarat/video/7692804779801693447,kevin_aprilio080,"q yg dr dl pgen ketemu lgsg SM bapak,
nangis d pojokn lit vidio ne😭😭
kpn lah BS ketmu lgsg",2026-10-05T09:27:45.000Z,1
https://www.tiktok.com/@totti.hutabarat/video/7692804779801693447,kizzy_mood,"jika bapakku masih ada, masti beliau senang sekali melihat bapak sudah jadi presiden.. beliau tidak pernah absen memilih bapak, tapi saat bapak sudah berhasil beliau sudah pergi🥹",2026-10-05T11:56:55.000Z,1
https://www.tiktok.com/@totti.hutabarat/video/7692804779801693447,libraokto10,Bapak kami presiden kami🥰🥰😇,2026-10-05T10:48:54.000Z,1
https://www.tiktok.com/@totti.hutabarat/video/7692804779801693447,rizalria6,panjang umur presiden ku 🥺🤲,2026-10-05T12:17:08.000Z,1
https://www.tiktok.com/@totti.hutabarat/video/7692804779801693447,iniiaachaaa,"@Reni.reenii: tenang pak aku IRT yg katanya harga smbako mahal tapi aku bisa membelinya , ketimbang di jaman semua srba murah tapi makan ayam aja stahun sekali...😁",2026-10-05T12:16:17.000Z,2
https://www.tiktok.com/@totti.hutabarat/video/7692804779801693447,indrimeiliazuwita,dek jempol mu ituu bikin semangat bapak dek 🥰,2026-10-05T11:24:39.000Z,1
https://www.tiktok.com/@totti.hutabarat/video/7692804779801693447,enda_yook2,Bapak 🥹🥹🥹,2026-10-05T11:31:17.000Z,1
https://www.tiktok.com/@totti.hutabarat/video/7692804779801693447,anggi.puputf,tolong sejahterakan para kuli😭😭sulit banget buat kebutuhan sandang pangan aja😭😭,2026-10-05T14:34:20.000Z,1
https://www.tiktok.com/@totti.hutabarat/video/7692804779801693447,rizkiyah8855,semoga sehat selalu presidenku,2026-10-05T16:07:11.000Z,1
https://www.tiktok.com/@totti.hutabarat/video/7692804779801693447,agstnairma,Kenapa ya setiap liat beliau air mata gampang sekali keluar,2026-10-05T16:20:28.000Z,1
https://www.tiktok.com/@totti.hutabarat/video/7692804779801693447,callmebulbuls,bapak🥺,2026-10-05T14:51:17.000Z,1
https://www.tiktok.com/@totti.hutabarat/video/7692804779801693447,radhivalkusuma,"cengengnya aku 😭😭😭😭
sehat selalu pak PRABOWO.",2026-10-05T12:06:11.000Z,2
https://www.tiktok.com/@totti.hutabarat/video/7692804779801693447,92syifanaira,"bahagia dan beruntung banget kamu nak[Menghangatkan hati]bisa tatap muka langsung dg bapak[Berkaca-kaca][Berkaca-kaca]secinta dan sebangga itukah kalian dg bapak[Berkaca-kaca][Berkaca-kaca].
kami sll dibarisan bapak.love you pak[Berkaca-kaca]",2026-10-05T12:49:05.000Z,1
https://www.tiktok.com/@totti.hutabarat/video/7692804779801693447,silviaahy,"dia ituu konsisten pegang kepala anak""",2026-10-06T00:39:49.000Z,0
https://www.tiktok.com/@totti.hutabarat/video/7692804779801693447,apaajalaaa.._,"yg benci bapak pasti omongannya “itu anak kenapa di goyangin kepalanya, jahat banget si kasar” . padahl kalo org udah gemesh pasti dicubit2 lagi",2026-10-05T10:19:45.000Z,1
https://www.tiktok.com/@totti.hutabarat/video/7692804779801693447,deriyanti27,Panjang umur sehat” pa prabowo🥰,2026-10-05T12:12:32.000Z,1
https://www.tiktok.com/@totti.hutabarat/video/7692804779801693447,ig.azzuyaofficial,pak kamu liat ga siswa skolah rakyat cabut gigi bareng2 walopun tmen2nya pada babyblus smua tp mreka bahagia 🥰,2026-10-05T16:28:44.000Z,1
https://www.tiktok.com/@totti.hutabarat/video/7692804779801693447,_sytty_,[Mata hati][Mata hati][Mata hati],2026-10-05T09:32:24.000Z,1
https://www.tiktok.com/@totti.hutabarat/video/7692804779801693447,me_lah005,"sebaik ini masih ada aja yg benci, sehat selalu pak☺️@callme eonni 😐",2026-10-06T00:24:25.000Z,0
https://www.tiktok.com/@totti.hutabarat/video/7692804779801693447,rodiah.azzahra,"sehat"" ya bapak 🤲😭",2026-10-05T11:01:49.000Z,1
https://www.tiktok.com/@nylandherlife_/video/7680930107325828359,putrialifaa_7,Takut banget pak bj habibi dan pak gusdur dikatain Buzzer sm sebelah😭,2026-09-03T01:04:41.000Z,32727
https://www.tiktok.com/@nylandherlife_/video/7680930107325828359,99999_.i,prabowo ni boss gass 100 periode menuju Indonesia emass,2026-09-10T00:18:44.000Z,1
https://www.tiktok.com/@nylandherlife_/video/7680930107325828359,rapkamaulana1,bangga di barisan 02,2026-09-03T01:41:26.000Z,3932
https://www.tiktok.com/@nylandherlife_/video/7680930107325828359,muhammad_agung0108,gess kalian emg nya mau di pimpin sama presiden yang miskin + banyak utang? gw sihh ogah yak🔥,2026-09-03T01:25:25.000Z,26070
https://www.tiktok.com/@nylandherlife_/video/7680930107325828359,de_mpit,Dikasih presiden kaya raya masih pada berisikk 😭,2026-09-03T10:31:05.000Z,883
https://www.tiktok.com/@nylandherlife_/video/7680930107325828359,d4ud0023,Singkat saja pak 2029 nomor urut berapa? Biar tak coblos dari sekarang😎,2026-09-03T02:29:02.000Z,3118
https://www.tiktok.com/@nylandherlife_/video/7680930107325828359,anissafirda28,2029 kita balikan angka dri 58% jd 85%,2026-09-02T16:05:20.000Z,19414
https://www.tiktok.com/@nylandherlife_/video/7680930107325828359,trianli30,sehat2 jendral,2026-09-03T00:44:02.000Z,61
https://www.tiktok.com/@nylandherlife_/video/7680930107325828359,ibnibunnnn,10 periode pun gw ttp milih prabowo🔥,2026-09-03T16:59:59.000Z,756
https://www.tiktok.com/@nylandherlife_/video/7680930107325828359,zyan_flor,gua dukung pak Prabowo semenjak gusdur berkata demikian dan ternyata benar,2026-09-03T04:26:19.000Z,296
https://www.tiktok.com/@nylandherlife_/video/7680930107325828359,sagara.23_,"satu pelajaran penting dalam hidup :
""JANGAN PERNAH BERDEBAT SAMA PENDUKUNG ANIS""",2026-09-04T01:07:30.000Z,19
https://www.tiktok.com/@nylandherlife_/video/7680930107325828359,qutsia1232000,di akui bukan mengakui🔥,2026-09-10T04:43:54.000Z,6
https://www.tiktok.com/@nylandherlife_/video/7680930107325828359,butterfflyyyyy_,tim yang gak pernah nyesel di barisan 02 💙💙 dan gak pernah minta maaf atas kesalahan dalam pemilihan capres 😜,2026-09-03T12:43:00.000Z,80
https://www.tiktok.com/@nylandherlife_/video/7680930107325828359,nizarnur06,mau apapun persiden ku ttp aja aku miskin,2026-09-08T01:06:46.000Z,4
https://www.tiktok.com/@nylandherlife_/video/7680930107325828359,fiiiitriaaa.sr,minusnya pak Prabowo cuma gabisa ngomong manis dan bermajas kaya siapa gatau deh🥰,2026-09-03T02:38:26.000Z,7353
https://www.tiktok.com/@nylandherlife_/video/7680930107325828359,andinimalisa,Takut banget alm bj habibie sama gusdur dikatain buzzer juga😂😅,2026-09-05T03:44:23.000Z,7
https://www.tiktok.com/@nylandherlife_/video/7680930107325828359,kaswaty_apriliani,pak aku masih di barisan bapak..aman pak saya tidak termakan isu² menjijikan itu🥰,2026-09-03T01:31:25.000Z,59
https://www.tiktok.com/@nylandherlife_/video/7680930107325828359,yuan.3158,apakah salah satu trik bapak saat ini yg saya rasakan adalah membuat rakyatnya berfikir lebih cerdas?,2026-09-02T23:11:01.000Z,620
https://www.tiktok.com/@nylandherlife_/video/7680930107325828359,lvin12311,"dia jendral kopassus, dia leader, dia punya partai, dia pebisnis, dia peternak, dia petani, dia dr keluarga intelek, dia kaya dari lahir. kurang apalagi?",2026-09-03T06:44:04.000Z,2665
https://www.tiktok.com/@nylandherlife_/video/7680930107325828359,marielhadi,"Presiden tuh harus banyak uang dan gapunya hutang, masa mau pilih presiden yang gapunya uang dan BANYAK HUTANG sih jir?🤣",2026-09-03T07:57:43.000Z,53
https://www.tiktok.com/@nylandherlife_/video/7680930107325828359,aca_cans0,"uda jelas2 bapak jenderal kita orng yg rendah hati, tdk sombong, dn orng yg paling ikhlas. coba kita di posisi beliau blm tentu bisa. kita masih miskin aja sombong😂",2026-09-14T05:05:32.000Z,5
https://www.tiktok.com/@nylandherlife_/video/7680930107325828359,anggafebriyan_02,"andaikan Prabowo jadi presiden dr jaman Jokowi ya, saya membayangkan Indonesia maju",2026-09-26T10:47:23.000Z,9
https://www.tiktok.com/@nylandherlife_/video/7680930107325828359,shanz.ld,seorang gusdur aja bilang gitu loh 🥰,2026-09-03T00:31:28.000Z,31
https://www.tiktok.com/@nylandherlife_/video/7680930107325828359,matchastrawberry3596,"Heran bgt sm orang yg merasa gasuka sm pak prabowo, emg mau pimpinan yg kaya gimanaaa",2026-10-04T03:35:05.000Z,6
https://www.tiktok.com/@nylandherlife_/video/7680930107325828359,apni5412,bayangin kedua beliau ini masih hidup apa mereka ga bangga sama bapak Prabowo,2026-09-03T00:29:24.000Z,576
https://www.tiktok.com/@nylandherlife_/video/7680930107325828359,_nuraeny_erni,"stelah pak prabowo nanti siapa ya gantinya tkt habis itu ack""an",2026-09-03T05:05:50.000Z,37
https://www.tiktok.com/@nylandherlife_/video/7680930107325828359,al_walid_bpn,iyh lah Prabowo masa Anis......😂,2026-09-03T14:03:48.000Z,4
https://www.tiktok.com/@nylandherlife_/video/7680930107325828359,nisaaanisa5120,"Rasulullah berpesan...bila engkau ingin melihat pemimpin yg baik & ikhlas maka lihat dan perhatikan lah bahwa pemimpin yg paling byk di fitnah dan di zolimi maka itu lah pemimpin yg sebaik baik nya pemimpin yg berjuang utk rakyat nya... semoga Allah SWT selalu berikan kekuatan dan kemudahan utk pemimpin RI
Bpk Prabowo",2026-09-03T21:54:42.000Z,235
https://www.tiktok.com/@nylandherlife_/video/7680930107325828359,taaufk24,tpi cuma prabowo yang agak laen 😅 di pecat habibi,2026-09-04T13:48:57.000Z,10
https://www.tiktok.com/@nylandherlife_/video/7680930107325828359,ona_dezz,yang hujat pak Prabowo apa kabar,2026-09-22T07:37:16.000Z,1
https://www.tiktok.com/@nylandherlife_/video/7680930107325828359,ika_berau,"bukan mau melihat masa lalu/pemuja prabowo, tapi coba bayangin kalo salah satu dari dua capres kemarin yang jadi presiden. nalar mereka belum bisa sejauh prabowo, strategi mereka belum semateng prabowo, dari segi pengalaman teori maupun lapangan belum sedalam prabowo, bahkan mereka gabisa memprediksi sebuah kondisi sedetail prabowo. contoh kecilnya, bisa bisanya mereka bilang buat apa beli senjata kalo ga perang? itu baru contoh kecil.
apalagi orang semandiri prabowo aja bisa diserang kanan kiri luar dalam, apalagi 01/03? mereka apa apa masih bergantung pimpinan partai, mereka mau ngelakuin sesuatu masih sangat terbatas karena belum punya apa apa sendiri. sedangkan prabowo dari kecil udah dikenalin politik, bergelimang harta, mau ngelakuin sesuatu ga perlu nunggu putusan pimpinan tapi dia sendiri yang memutuskan karena dia yang memimpin, born to be a leader yang dimana dia selalu jadi pemimpin entah dalam pasukan atau politik kayak partai. di saat yang lain harus mondar mandi nyari dana buat nyalon, dia bisa sendiri tanpa mikir angka. yang bikin merinding udah berapa banyak harta pribadi yang dia keluarin buat negara? bayangin dia selalu percaya diri setiap nyalon karena dia yakin strategi yang dia buat udah mantep dari tahun tahun lalu. dann yap, dari fakta & data sekarang dari segi ketahanan pangan, pendidikan, ekonomi, lapangan kerja dll meningkat. bersyukur yang jadi presiden prabowo.",2026-09-03T18:38:50.000Z,195
https://www.tiktok.com/@nylandherlife_/video/7680930107325828359,cancer151215,yok dukung Bpk gue 2priode🥰,2026-09-21T08:08:52.000Z,5
https://www.tiktok.com/@nylandherlife_/video/7680930107325828359,anymmei,"BJ Habibie, Ama Gus Dur buzzer Prabowo gak sih?",2026-09-03T10:54:18.000Z,16
https://www.tiktok.com/@nylandherlife_/video/7680930107325828359,angellee__1,kekurangan prabowo itu cmn 1 gk bisa ngomong manis[Tertawa sampai menangis]karna mungkin dia didik keras hidup keras tp kerja nya nyata,2026-09-21T03:13:33.000Z,1
https://www.tiktok.com/@nylandherlife_/video/7680930107325828359,nuraeni07_4,"gays no 1 itu ganjar apa aniss🤣
serius nanya gw lupaa🤣
soalnya diingatan gw cma no 2✌🤪",2026-09-03T02:39:39.000Z,24
https://www.tiktok.com/@nylandherlife_/video/7680930107325828359,nazu_4,Semoga prabowo jadi pemimpin Indonesia selamanya 🗿,2026-09-06T18:52:26.000Z,7
https://www.tiktok.com/@nylandherlife_/video/7680930107325828359,nooooo4547,"di sisi lain banyak yg ga suka probowo.
si sisi lain banyak yg suka.
jdi gua bingung memihak ke sisi mana ini",2026-10-04T09:43:44.000Z,0
https://www.tiktok.com/@nylandherlife_/video/7680930107325828359,amel87872,"di buang soeharto, di pecat habibi, eeehhhh... lu malah pilih 🤭",2026-09-09T07:02:33.000Z,2
https://www.tiktok.com/@nylandherlife_/video/7680930107325828359,zalmanmiswar,PRABOWO 2 PERIODE❤🔥,2026-09-09T05:03:02.000Z,5
https://www.tiktok.com/@nylandherlife_/video/7680930107325828359,kocorr.weyy,bpak jendral nih boss☺️☺️☺️mana anak jendral nih???,2026-09-08T16:01:28.000Z,2
https://www.tiktok.com/@nylandherlife_/video/7680930107325828359,baysvj_,yang begini dibilang buzer ga ya?😂,2026-09-05T06:56:08.000Z,5
https://www.tiktok.com/@nylandherlife_/video/7680930107325828359,ad_bi_ld,kalo Anis jadi presiden kek mana ya Indonesia,2026-09-04T09:44:30.000Z,33
https://www.tiktok.com/@nylandherlife_/video/7680930107325828359,cherryanastasyajinnie,"bukan buzzer yaaa nihh yg ngomong😏😏😏 sehat selalu bapak prabowo, dan panjang umur pak💙🫂",2026-09-02T23:17:57.000Z,73
https://www.tiktok.com/@nylandherlife_/video/7680930107325828359,taurus_792,"sehat selalu dan panjang umur bapak 🤲
aku selalu ada di barisanmu untuk mendukungmu 🥰",2026-09-03T04:05:03.000Z,12
https://www.tiktok.com/@nylandherlife_/video/7680930107325828359,savearifin_,di akui bukan mengakui,2026-09-05T03:48:20.000Z,28
https://www.tiktok.com/@nylandherlife_/video/7680930107325828359,win08753,Bapak gua,2026-09-03T06:36:11.000Z,7
https://www.tiktok.com/@nylandherlife_/video/7680930107325828359,littlerose412,Semua tentang pak Prabowo gue posting ulang😊,2026-09-03T13:54:30.000Z,6
https://www.tiktok.com/@nylandherlife_/video/7680930107325828359,ibnuhudawihsb,demi apapun saya percaya dengan kata-kata alm Gus Dur,2026-09-14T13:19:29.000Z,17
https://www.tiktok.com/@nylandherlife_/video/7680930107325828359,chdj92,"dari keluarga kaya sejak dini 😁
namun slalu perduli pada rakyat. tidak pernah gengsi juga membahas+cinta produk nasional 🤣🤣.
beda lagi sama rakyat dari keluarga yang biasa "" aja tapi ogah cinta produk nasional 😂. maunya ke barat baratan 🤣🤣",2026-09-05T14:23:39.000Z,10
https://www.tiktok.com/@nylandherlife_/video/7680930107325828359,its_you405,"ayolah SDM rendah yang menghina bapakk, pola pikirnya diubahh, berikan pola pikir yang positif",2026-09-02T23:54:31.000Z,44
https://www.tiktok.com/@nylandherlife_/video/7680930107325828359,itsmeirma26,"2 periode ya bpk, sehat²🫶",2026-09-03T03:33:50.000Z,5
https://www.tiktok.com/@nylandherlife_/video/7680930107325828359,ira.touka,"aku padamu pak wowo, aw pak aw",2026-09-03T01:07:20.000Z,8
https://www.tiktok.com/@nylandherlife_/video/7680930107325828359,rangga_wiaskhara,"emg ada hasilnya?
buktinya sekarang",2026-09-03T14:04:56.000Z,6
https://www.tiktok.com/@nylandherlife_/video/7680930107325828359,virgo.team3,selama nya jadi presiden bisa ngk sih,2026-09-03T06:28:01.000Z,18
https://www.tiktok.com/@nylandherlife_/video/7680930107325828359,siti_rah27,tidak mengakui tapi diakui😝😜🔥🔥,2026-09-03T06:46:29.000Z,7
https://www.tiktok.com/@nylandherlife_/video/7680930107325828359,nuca0291,halah tetap Abah anies baswedan calon presiden terbaik selamanya titik,2026-09-03T09:20:32.000Z,8
https://www.tiktok.com/@nylandherlife_/video/7680930107325828359,priscilya_,lovee sekebon bapak❤️🔥,2026-09-03T00:36:06.000Z,6
https://www.tiktok.com/@nylandherlife_/video/7680930107325828359,hnny.ftmaa,"gue prnh sakit hati gara' bos ngasut semua karyawan buat nyoblos anis trs yg paling gue ga trima dia ngatain pak prabowo. disitu gue yg diem dan nerapin bahwa nyoblos itu sifatnya LUBERJURDIL tbtb ngamuk' sampai di katain gue tiap hari dibilang gue bodoh milih prabowo, gue ga lama risegn, dari pada harus dikelilingi sama org stress",2026-09-03T12:18:04.000Z,9
https://www.tiktok.com/@nylandherlife_/video/7680930107325828359,cukamatcha1236,Aku pernah baca komentar orang “mungkin kalo nabi jadi pemimpin diindonesia ini juga bakal dihujat”😔,2026-09-03T07:52:39.000Z,6
https://www.tiktok.com/@nylandherlife_/video/7680930107325828359,hy_mayyy0,"jujur ekspetasi gw waktu pencalonan bnyk bngt yang dukung pak prabowo ampe ada tren ny dulu joget 2 jari...gw terheran "" knp pas udh jd presiden dia bnyk bngt haters ny ..ketikan ny bikin gw darah tinggi😭",2026-09-03T08:50:51.000Z,25
https://www.tiktok.com/@nylandherlife_/video/7680930107325828359,dwrmwlndr,"tp bener loh kata mereka, kalo bukan Bapak yg jd presiden, Indonesia pasti ga se Ricuh ini, damai tentram, ya kayak biasa aja gt",2026-09-04T04:28:15.000Z,6
https://www.tiktok.com/@nylandherlife_/video/7680930107325828359,user005285252,"temen temn aku pun sama ada pemikiran ragu sama presiden kita, tpi ku pikir lagi gimana kalau nyatanya emang bawahannya atau pemerintah bagian mana yang emang ga suka sama pak prabowo akhirnya fitnahan trs ada , trs masalah mbg tu bagus menurut ku programnya karna banyak juga anak sd yang latar belakang ekonominya susah dan adanya mbg dia jadi bisa makan, cuma yaa masalahnya di pengelolanya karna setiap mbg juga pengelolanya beda”",2026-09-05T05:59:31.000Z,2
https://www.tiktok.com/@nylandherlife_/video/7680930107325828359,vnsgank7,"ini kalo baginda rasullalah saw,ali bin abi thalid,abu bakas as sidiq,umar bin khatab dan khalid bin walid kalo jadi pemimpin indonesia bakal di hujat sama masyarakatnya 🙏😅",2026-09-05T05:49:59.000Z,2
https://www.tiktok.com/@nylandherlife_/video/7680930107325828359,achiongachii,"Tapi bnyak yg hujat, padahal sih udah bagus krna zaman kan udah semakin canggih makanya apa2 mahal semua jadi jngn salahin presidennya",2026-09-03T06:41:05.000Z,5
https://www.tiktok.com/@nylandherlife_/video/7680930107325828359,ramzyzzyy,"yang bilang haus kekuasaan atau ngebet jadi presiden, inget jika presiden jatuh ke orang yang gampang hasut lebih bikin bencana apalagi bisa diatur sama partai😂, liat aja jokowi yang sebenernya banyak jasa pengen juga nangkep koruptor kek sekarang cuma dulu susah jadi si percayain ke prabowo yang lebih ngerti",2026-09-03T12:56:39.000Z,4
https://www.tiktok.com/@nylandherlife_/video/7680930107325828359,yusufhappy13,"Tenang pak prabowo, kami anak muda indonesia bersamamu🔥",2026-09-03T11:59:37.000Z,7
https://www.tiktok.com/@nylandherlife_/video/7680930107325828359,cuma_bisa_eudora,Bukan buzer yah yang ngomong 😅,2026-09-02T22:34:58.000Z,22
https://www.tiktok.com/@nylandherlife_/video/7680930107325828359,kapapurunan9,siapa lagi ada yg meragukan bapak Prabowo Subianto,2026-10-04T07:35:13.000Z,0
https://www.tiktok.com/@nylandherlife_/video/7680930107325828359,akhwatmu1,"giliran dapat presiden yg baik hati iklas Ntuk rakyat nya, tegas dn berani malah mau di lengser kn😩 parahh nya lagi aktor koruptor malah mau dinaikkn jdi presiden 😩 halehhh🤦🏼‍♀️",2026-09-03T03:13:29.000Z,10
https://www.tiktok.com/@nylandherlife_/video/7680930107325828359,alika8354,"ini namanya kayaraya, pintar turun temurun sehingga yg diikirkan adalah pencapaian kinerja bukan pencapaian harta😂🥰presidenq hebat🔥",2026-09-03T03:40:12.000Z,5
https://www.tiktok.com/@nylandherlife_/video/7680930107325828359,josephpardede530,#2029 ganti presiden.,2026-09-13T06:58:44.000Z,3
https://www.tiktok.com/@nylandherlife_/video/7680930107325828359,ermamaae,"Jaman dulu belum ada buzzer, lagian siapa yg bisa bayar mereka buat ngomong begitu 😝",2026-09-03T00:30:21.000Z,6
https://www.tiktok.com/@nylandherlife_/video/7680930107325828359,glx_ryonnz,"gak ada presiden yg setegas dia yg mempunyai power besar untuk melawan oligarki, mafia , koruptor dan bahkan asing 🔥",2026-09-03T01:23:37.000Z,21
https://www.tiktok.com/@nylandherlife_/video/7680930107325828359,macangrg,Gen z bersama prabowo,2026-09-03T04:48:37.000Z,10
https://www.tiktok.com/@nylandherlife_/video/7680930107325828359,crazyr3y,kok versi pak anies tidak ada ya🙏🏻,2026-09-03T06:09:36.000Z,7
https://www.tiktok.com/@nylandherlife_/video/7680930107325828359,azy9_,yg ngakuin aja habibi sama gusdur masih aja yg dipercaya cuma omongan anis 😌,2026-09-08T08:43:15.000Z,1
https://www.tiktok.com/@nylandherlife_/video/7680930107325828359,juno100991,itulah Presidenku Jendral Prabowo subianto,2026-09-03T04:23:28.000Z,7
https://www.tiktok.com/@nylandherlife_/video/7680930107325828359,srisuarnengsih,siap memilih yg ke 2× nya untuk pak jendral Prabowo Subianto....tenang pak AQ sdh+1 suara LG untuk BPK di 2029 nanti soalnya anakku jg ku pastikan pilih bpk[Keren]🩵,2026-10-03T11:26:16.000Z,1
https://www.tiktok.com/@nylandherlife_/video/7680930107325828359,triutari29_,di akui ya bukan mengakui,2026-09-03T01:15:26.000Z,12
https://www.tiktok.com/@nylandherlife_/video/7680930107325828359,jalanygzikzak,"bang"" cb jj waktu habibi pecat prabowo bang keren tu",2026-09-07T15:41:08.000Z,3
https://www.tiktok.com/@nylandherlife_/video/7680930107325828359,user8872298738163,itu duluu pa msh muda.skarang udh tua.beda cerita,2026-09-03T09:55:36.000Z,0
https://www.tiktok.com/@nylandherlife_/video/7680930107325828359,nicola_f,sayaang banget sama bapak probowo🫶🫶🫶,2026-09-12T07:29:53.000Z,1
https://www.tiktok.com/@nylandherlife_/video/7680930107325828359,revansakase,program aja sih yg kurang efektif,2026-09-05T15:30:19.000Z,3
https://www.tiktok.com/@nylandherlife_/video/7680930107325828359,ducenx_el_7,"gx pernah bilang jejak di gital, tapi jejak digital nya Mantap semua,, yg sering bilang jejak digital, 🤔 yasudahlah",2026-09-28T13:12:04.000Z,1
https://www.tiktok.com/@nylandherlife_/video/7680930107325828359,cha_cha_lex,"mengakui ❎
diakui ✅",2026-09-03T02:59:01.000Z,4
https://www.tiktok.com/@nylandherlife_/video/7680930107325828359,eva_huangnie,"kalian paham kn arti kata iklas yg d KTA Gus Dur 😂, nyindir x🤣",2026-09-15T03:40:27.000Z,2
https://www.tiktok.com/@nylandherlife_/video/7680930107325828359,saiddawing,Prabowo 2 periode,2026-09-18T13:17:48.000Z,3
https://www.tiktok.com/@nylandherlife_/video/7680930107325828359,its.urboyz,#StillPrabowo,2026-09-03T08:14:42.000Z,2
https://www.tiktok.com/@nylandherlife_/video/7680930107325828359,prretydinn,udh sepintar itu masih aja di hina huf.....,2026-09-20T02:43:59.000Z,2
https://www.tiktok.com/@nylandherlife_/video/7680930107325828359,b11ngab14nchab1z4r,the real... 2029 lanjutkan bapak gue lagi.. love love bapak yg baik hati ❤💞,2026-09-10T21:15:26.000Z,3
https://www.tiktok.com/@nylandherlife_/video/7680930107325828359,zynbid,Yang benci biarlah benci… saya ttp di barisan bapak 😭🙏,2026-09-19T07:21:00.000Z,2
https://www.tiktok.com/@nylandherlife_/video/7680930107325828359,xclusivee_0,Menyala membara bapak🔥,2026-09-22T00:10:41.000Z,2
https://www.tiktok.com/@nylandherlife_/video/7680930107325828359,tatjanatier,"biasakan nyari pemimpin yang udah kaya raya dari lahir, karna kemungkinan besar gakan korupsi.",2026-09-04T01:09:33.000Z,2
https://www.tiktok.com/@nylandherlife_/video/7680930107325828359,celin.com2,"@Celine:cari lah pemimpin yng sering di fitnah, sesunguhnya itu lah pemimpin yng tulus dan bersih.",2026-09-15T16:07:38.000Z,2
https://www.tiktok.com/@nylandherlife_/video/7680930107325828359,ljia.123,aku pada mu pak prabowo 3 priode suara rakyat minta 3 priode,2026-10-04T23:32:29.000Z,2
https://www.tiktok.com/@nylandherlife_/video/7680930107325828359,im.d1112,buyut dan leluhur pak Prabowo juga orang orang penting,2026-09-04T00:55:46.000Z,2
https://www.tiktok.com/@nylandherlife_/video/7680930107325828359,drfelia,bapak gue nii😎,2026-09-06T06:10:07.000Z,2
https://www.tiktok.com/@nylandherlife_/video/7680930107325828359,wargakonohasusahsadar,tapi kerjanya kurang geeeeeunahhhh saya kecewa,2026-09-04T13:09:55.000Z,3
https://www.tiktok.com/@nylandherlife_/video/7680930107325828359,aang.rahmatul,2029 gass lagi dah inimah 😅,2026-09-15T05:30:36.000Z,2
https://www.tiktok.com/@nylandherlife_/video/7680930107325828359,lotush212,Jangan 2 periode please selamaya dipimpin beliau juga boleh 😭,2026-09-13T00:06:20.000Z,1
https://www.tiktok.com/@nylandherlife_/video/7680930107325828359,wiwodetokonly1,yang dikatakan beliau sangat fakta sekali 🗿,2026-09-11T16:27:08.000Z,1
https://www.tiktok.com/@nylandherlife_/video/7680930107325828359,mhmmd_israh04,YEAYYYY MENANG LAGI NIHH🔥,2026-09-03T08:57:07.000Z,4
https://www.tiktok.com/@nylandherlife_/video/7680930107325828359,cayaja27,maafkan kami pak… sempet berfikir yg tdk2 saat bpk bekerja buat perbaikan. semangat presidenku sehat selalu 🤲🤲🤲❤️,2026-09-23T07:40:21.000Z,0
https://www.tiktok.com/@nylandherlife_/video/7680930107325828359,andikadai_,Di kasih pemimpin yang sudah kaya dari lahir malah milih pemimpin yang mau jadi pemimpin biar kaya raya,2026-09-03T06:05:06.000Z,5
https://www.tiktok.com/@nylandherlife_/video/7680930107325828359,ilham1503_,"padahal masi mending ahok dari pda anis, kok bisa yh dia jadi gubernur jakarta",2026-09-08T12:52:17.000Z,1
https://www.tiktok.com/@nylandherlife_/video/7680930107325828359,adit.bongkar,tapi bawahane gak onok seng support...,2026-09-03T02:03:57.000Z,3
https://www.tiktok.com/@nylandherlife_/video/7680930107325828359,szaxsze,tapi kok di pecat? 😭,2026-09-07T10:42:19.000Z,6
https://www.tiktok.com/@nylandherlife_/video/7680930107325828359,yowaimo675,anies presiden ke 2029,2026-09-22T03:43:41.000Z,0
https://www.tiktok.com/@nylandherlife_/video/7680930107325828359,kangijol1,ikhlas tapi caranya salah,2026-09-04T00:15:12.000Z,7
https://www.tiktok.com/@nylandherlife_/video/7680930107325828359,nuii_nureeee,"sehat selalu,panjang umur,bahagia selalu bapak ku 🥰",2026-09-03T00:37:26.000Z,9
https://www.tiktok.com/@nylandherlife_/video/7680930107325828359,_mhmmdfahmi,soon 2029 58% jadi 85%,2026-09-03T03:51:49.000Z,5
https://www.tiktok.com/@nylandherlife_/video/7680930107325828359,user1505127530143,"sehat selalu bapak presiden terhebatku
bapak prabowo subianto",2026-09-03T09:22:43.000Z,6
https://www.tiktok.com/@nylandherlife_/video/7680930107325828359,tiensase,tidak MENGAKUI tetapi DIAKUI,2026-09-05T08:13:56.000Z,1
https://www.tiktok.com/@nylandherlife_/video/7680930107325828359,ayukunee95,emang kalau yg jujur n bersih bayak yg tidak suka tapi coba yg pura pura ini ono pasti di dukung makanya begitu gitu aja pokoknya pak wowo aku padamu🥰🥰🥰,2026-09-25T12:38:58.000Z,3
https://www.tiktok.com/@nylandherlife_/video/7680930107325828359,heeseung1290,"kalah 2 kali, tpi ga berisik🔥",2026-09-03T10:22:16.000Z,3
https://www.tiktok.com/@nylandherlife_/video/7680930107325828359,rzkibaroooo,apapun kata org.. saya tetap pak prabowo,2026-09-05T14:38:03.000Z,3
https://www.tiktok.com/@nylandherlife_/video/7680930107325828359,budiset25,dikasih jabatan kaga belain prabowo 😂😅,2026-09-07T11:00:52.000Z,1
https://www.tiktok.com/@nylandherlife_/video/7680930107325828359,anavulant,indonesia kebagian untung gede saat ini dipimpin oleh orang intelektual dan pakar dibidang ekonomi,2026-09-13T09:14:06.000Z,2
https://www.tiktok.com/@nylandherlife_/video/7680930107325828359,xzfaaah18,"ga sia sia aku sm keluarga milih perabowo dari dulu 😊, sehat selalu bapak",2026-09-14T03:18:47.000Z,2
https://www.tiktok.com/@nylandherlife_/video/7680930107325828359,agungdwisenata,Dan bapak sudah buktikan bahwa bapak layak untuk memimpin negeri ini🙏🏻,2026-09-12T06:51:12.000Z,2
https://www.tiktok.com/@nylandherlife_/video/7680930107325828359,zevgroup,bismillahirrahmanirrahim 2 periode 🤲,2026-09-03T06:11:32.000Z,2
https://www.tiktok.com/@nylandherlife_/video/7680930107325828359,akuazka123,2 presiden terbaik lho yang ngomong,2026-09-08T02:24:19.000Z,2
https://www.tiktok.com/@nylandherlife_/video/7680930107325828359,yanimoyy97,ganteng kali pak presidenku ini☺️,2026-09-03T06:08:08.000Z,2
https://www.tiktok.com/@nylandherlife_/video/7680930107325828359,teryty97,BAPAKKU INI,2026-09-03T00:34:34.000Z,4
https://www.tiktok.com/@nylandherlife_/video/7680930107325828359,glx_syymoonlight,bapak gw nih boss😎,2026-09-03T06:33:40.000Z,3
https://www.tiktok.com/@nylandherlife_/video/7680930107325828359,wage9.store,siap 2 periode buat presiden NKRI🥰,2026-09-03T11:22:24.000Z,3
https://www.tiktok.com/@nylandherlife_/video/7680930107325828359,nuni.nu0,kadang gw benci karena aku turut merasakan penderitaann di eranya pak prabowo..tp ngk tau juga setiap melihat pak prabowo kek semacam langsung tau ajah klo dia emng ikhlas untuk kita rakyat indonesia🙏,2026-09-05T11:13:35.000Z,2
https://www.tiktok.com/@nylandherlife_/video/7680930107325828359,aaaaaammmeel__,"buat yang bilang pak prabowo ""dipecat"", cari2 dulu beritanya ya.",2026-09-06T12:48:38.000Z,2
https://www.tiktok.com/@nylandherlife_/video/7680930107325828359,helloeza,"saya kira setelah Prabowo menjadi presiden RI , kondisi di Papua akan aman tapi faktanya",2026-10-01T08:25:28.000Z,0
https://www.tiktok.com/@nylandherlife_/video/7680930107325828359,indanandasuci,2029 gas kan lagi🔥,2026-09-03T01:56:00.000Z,4
https://www.tiktok.com/@nylandherlife_/video/7680930107325828359,zuhriansyah_10,siap rapatkan barisan lagi pak di 2029🫡🫡,2026-09-05T22:30:05.000Z,3
https://www.tiktok.com/@nylandherlife_/video/7680930107325828359,raprap.cloth,"tegas dan berani kyk gini malah diolok², yg olok² gak nyampe. gak usah jauh² deh dilingkungan skitar kita aja cafe² miras ilegal aja pasti kita tau ada backingannya apalagi ditingkat tinggi. ini lah yg ditakuti mafia, oligarki, para elite ketika pak prabowo jdi presiden. ibarat kata yg punya usaha ilegal diganggu, yg punya usaha ilegal ini pasti gak tinggal diam krna tempat cari makannya diganggu, brarti yg benci yg olok² sama aja kyk mafia, oligarki.
ini yg sedang diberantas pak presiden. jadi masyarakat yg cermat, jrg² punya presiden yg berani kyk gini, indonesia udh terlalu amburadul yg kaya makin kaya, yg miskin makin miskin.
sehat sehat terus Presiden ku Prabowo Subianto, Negarawan..",2026-09-25T05:26:08.000Z,3
https://www.tiktok.com/@nylandherlife_/video/7680930107325828359,naysha2275,BPK ku Prabowo Subianto 👏🥰🥰🥰,2026-09-28T17:07:15.000Z,0
https://www.tiktok.com/@nylandherlife_/video/7680930107325828359,bugis.man4,sehat selalu Bapak Prabowo Subianto Djojohadikusumo Presiden RI KE 8,2026-09-04T13:16:49.000Z,4
https://www.tiktok.com/@nylandherlife_/video/7680930107325828359,ree12_135,🥰🥰 dia itu loh guru terbaik 🥰😭 ku sampai bner2 dulu sblm dia jdi presiden udh tertarik dri ksus 1998 😁 dan gw yakin dia bisa jdi presiden dn alhasil bner bgt 🥺 dia ngk nyerahhhhhh,2026-09-02T23:43:00.000Z,5
https://www.tiktok.com/@nylandherlife_/video/7680930107325828359,kakaenda1515,Pokoknya Prabowo 2 periode 🔥🥰,2026-09-07T01:22:43.000Z,2
https://www.tiktok.com/@nylandherlife_/video/7680930107325828359,iswandi_2609,tim barisan pak Prabowo,2026-09-03T06:26:12.000Z,4
https://www.tiktok.com/@nylandherlife_/video/7680930107325828359,thinanhatalova306,Makin kecintaan sma pak Prabowo🥰🥰🥰sehat” terus Bapak🤗,2026-09-03T16:05:27.000Z,2
https://www.tiktok.com/@nylandherlife_/video/7680930107325828359,ahmadzidnyfathony,Gatau lagi siapa yang pantes & layak mimpin bangsa ini selain bapak sehat terus pak🥺,2026-09-03T15:20:28.000Z,2
https://www.tiktok.com/@nylandherlife_/video/7680930107325828359,amoyyycyee,bapak kuu❤️❤️❤️❤️,2026-09-03T13:50:38.000Z,2
https://www.tiktok.com/@nylandherlife_/video/7680930107325828359,viantvallent,"GK ada sedikitpun keraguan dari perkataan GUSDUR,MBG sebagai peluang pasar. KDMP sebagai stabilitas harga",2026-09-22T16:12:38.000Z,1
https://www.tiktok.com/@nylandherlife_/video/7680930107325828359,rizkaamelia8983,"semoga makin banyak konten kek gini fyp d.tik tok.q, gk yg mengujar kebencian tntang pemerintah trs 🙃",2026-09-13T15:22:17.000Z,1
https://www.tiktok.com/@nylandherlife_/video/7680930107325828359,mama_ilyasa,aku percaya kalau sudah dua orng ini berbicara.,2026-09-07T06:53:46.000Z,1
https://www.tiktok.com/@nylandherlife_/video/7680930107325828359,rimasiodja,"Semua orang bisa baik
tapi tdk semua orang bsa tulus
seperti presiden ku
pak prabowo 🥰",2026-09-22T16:01:01.000Z,1
https://www.tiktok.com/@nylandherlife_/video/7680930107325828359,yatyan.2004,"bahkan sampai skrg rakyatnya masih g ngeti cara pola pikir presidennya sendiri Ampe rela loh Prabowo dihina hina rakyat sendri, biasanya presiden lain saya akan lawan",2026-09-06T13:15:33.000Z,1
https://www.tiktok.com/@nylandherlife_/video/7680930107325828359,bchtrnha__,sehatkan bapak aku ya Allah..😭,2026-09-03T22:53:48.000Z,1
https://www.tiktok.com/@nylandherlife_/video/7680930107325828359,ety.munjiyatul91,"do'a ku untuk Bpk negara ya Alloh panjangkanlah umurnya sehatkanlah badanya lindungilah beliau dari orang"" jahat",2026-09-10T14:24:37.000Z,1
https://www.tiktok.com/@nylandherlife_/video/7680930107325828359,laely6845,Setiap ngebahas bapak gemoy..gak tau kenapa aku pingin nagis’lihat hujatan”di metsos sehat sllu bapak gemoy’ku🤲🤲🤲,2026-09-09T08:10:27.000Z,1
https://www.tiktok.com/@nylandherlife_/video/7680930107325828359,zzyz255,siapapun yg jadi presiden dikonoha bakal tetep salah dimata rakyatnya,2026-09-04T07:17:17.000Z,1
https://www.tiktok.com/@nylandherlife_/video/7680930107325828359,rahmadaniyaqub,"aku ttp PK Prabowo sampe kapan pun ,auranya baik ,tulus ,baik ,",2026-09-10T22:58:12.000Z,1
https://www.tiktok.com/@nylandherlife_/video/7680930107325828359,ayudita.wardani,Kalau beliau yang bilang ya aku percaya. Pak Prabowo sehat selalu ya❤️,2026-09-21T16:16:46.000Z,1
https://www.tiktok.com/@nylandherlife_/video/7680930107325828359,hasmianasunardi,"plis yg bilang ngk ada kemajuan, coba mikir emang kalau bayi baru lahir udah bisa jalan tanpa proses, tapi ini bukan tentang bayi!!!!",2026-09-23T10:00:01.000Z,1
https://www.tiktok.com/@nylandherlife_/video/7680930107325828359,suhaila3112,gua tetap pilih prabowo dah kaya ngapain dia korup yakan teman ✌✌,2026-09-21T12:34:15.000Z,2
https://www.tiktok.com/@nylandherlife_/video/7680930107325828359,dianita.aprilia,3x Dukung Prabowo🫶,2026-09-07T01:56:38.000Z,1
https://www.tiktok.com/@nylandherlife_/video/7680930107325828359,manusiabiasa448,Prabowo 2 periode,2026-09-19T14:55:24.000Z,1
https://www.tiktok.com/@nylandherlife_/video/7680930107325828359,july._975,Bentar lagi juga ada yg bilang beliau buzzer😭😭,2026-09-05T00:33:51.000Z,1
https://www.tiktok.com/@nylandherlife_/video/7680930107325828359,zahroh633,Dari awal nyalon selalu milih bapak prabowo🥰,2026-09-03T15:41:33.000Z,1
https://www.tiktok.com/@nylandherlife_/video/7680930107325828359,wilbertnbh,"Hidup bapakku, kalau bisa pasangan pak Prabowo di tahun 2029 yaitu ibu Sherly TJOANDA atau bapak Dedy muliyadi💪💪",2026-09-11T06:07:04.000Z,1
https://www.tiktok.com/@nylandherlife_/video/7680930107325828359,midahoktavia,jejak digital dong,2026-09-04T13:29:54.000Z,1
https://www.tiktok.com/@nylandherlife_/video/7680930107325828359,lhyralina,aku gak salah pilih presiden 🥰🥰,2026-09-03T12:58:08.000Z,1
https://www.tiktok.com/@nylandherlife_/video/7680930107325828359,_knyay,sekelas pak Gusdur dan Bj Habibie saja mengakui. lah kita rakyat biasa bisa2nya menghina dan menebar fitnah dimana2 🥵,2026-09-08T07:08:52.000Z,5
https://www.tiktok.com/@nylandherlife_/video/7680930107325828359,muhamadrafaiilalh,Presiden Habibie dan Presiden Gusdur saksi bahwa Presiden Prabowo Subianto orang tulus dan ikhlas kepada rakyat Indonesia,2026-09-04T16:10:38.000Z,2
https://www.tiktok.com/@nylandherlife_/video/7680930107325828359,lalurijal97,kalau pak Prabowo mau korupsi gak perlu karena udah kaya duluan gess,2026-09-24T13:58:12.000Z,2
https://www.tiktok.com/@nylandherlife_/video/7680930107325828359,riandi.pratama01,saya tetap mendukung pak Prabowo Subianto sampai beliau purna tugas,2026-09-24T06:07:40.000Z,0
https://www.tiktok.com/@nylandherlife_/video/7680930107325828359,vnknny,lahh org di pecat sm habibie,2026-09-06T14:03:08.000Z,2
https://www.tiktok.com/@nylandherlife_/video/7680930107325828359,wahyuningsih0561,SEHAT selalu pak Prabowo Subianto ❤️,2026-09-04T03:50:36.000Z,3
https://www.tiktok.com/@nylandherlife_/video/7680930107325828359,tada.aoi,"habibie dulu ke prabowo aja diminta orang luar buat nyingkirin beliau,Diksh pemimpin yang paham pada gak mau,trs mau diksh pemimpin yang janjikan anda surga bertemu nabi tpi yg ngajak begitu sukanya ngadu domba,bohong,suoa tebar fitnah,surgakah yg didapat?pfffttttt",2026-09-04T10:29:13.000Z,2
https://www.tiktok.com/@nylandherlife_/video/7680930107325828359,kakadikasoepardi,bapak Prabowo wajib sehat soalnya saya sudah siap milih beliau lagi 😊,2026-09-11T14:18:50.000Z,4
https://www.tiktok.com/@nylandherlife_/video/7680930107325828359,22_adista_05,"GEN Z HARUSS DUKUNG 2 PRIODE ,MENUJU INDONESIA EMAS",2026-09-04T02:09:47.000Z,3
https://www.tiktok.com/@nylandherlife_/video/7680930107325828359,babolletlet,GANTENG BANGET JENDRALKU 😎😎,2026-09-03T23:41:58.000Z,1
https://www.tiktok.com/@nylandherlife_/video/7680930107325828359,kaisyah_1330,"dikasih presiden perfect gini pda gmau, knp sih, klian tuh maunya apa yg lain utangnya banyak cm yg ini yg kaya raya dr lahir + gemoyyy 😍😉",2026-09-27T07:17:41.000Z,1
https://www.tiktok.com/@nylandherlife_/video/7680930107325828359,liozahra7,"BP.JOKOWI & BP.PRABOWO pasang an yang pas untuk presiden & wakil presiden [Menghangatkan hati] yang 1 tegas wujud didikan TNI abis yg 1 kalem ramah tamah merakyat sekali. coba saja negara ini dipimpin sosok 2 ini selamanya 🤲😌 Meski beliau ini sering kali dihujat selama kalian berdua pernah diungkap sikap sifat a sama alm.bp.gusdur yang paling ikhlas mencintai rakyat yang satu a diprediksi bakal jadi orang besar BP.jokowi ,aku tetap suka kalian berdua tidak menyesal memilih kalian berdua mau seluruh Indonesia membenci kalian aku tetap mendukung beliau ,semoga jalan kalian memperbaiki Indonesia ini menemukan jalan yang terbaik🥰🤲 semoga semua orang yang menghujat benci beliau berdua ini terbuka mata hati pikiran mereka.[Menangis] jadi presiden tidak pernah luput dari caci maki pak sehat2 mengurus manusia2 yang kurang bersyukur & serakah pak. sehat2 dua presiden ku ini[Menghangatkan hati][Menghangatkan hati][Menghangatkan hati]",2026-09-27T05:21:39.000Z,1
https://www.tiktok.com/@nylandherlife_/video/7680930107325828359,lizyypratama,"alasan saya percaya kepada pak Prabowo,dia sudah mengabdi ke negara dari usia muda",2026-09-23T15:27:30.000Z,2
https://www.tiktok.com/@nylandherlife_/video/7680930107325828359,kacimuih26,"Prabowo itu orang paling siap hari ini untuk jadi presiden indonesia, dia paham pancasila, dia paham konsep dan nilai"" yang di perjuangkan pendiri bngsa ini.",2026-09-03T17:09:21.000Z,3
https://www.tiktok.com/@nylandherlife_/video/7680930107325828359,tauhid6145,"benar sekali yg di katakan pak habibi dan pak kiyai gusdur, orang yg paling ihklas kepada rakyafnya ya pak prabowo.",2026-09-03T09:24:43.000Z,3
https://www.tiktok.com/@nylandherlife_/video/7680930107325828359,nananininunuu6,"bibit bobot bebetnya sudah sangat jelas, pendidikan beliau ngga perlu diragukan lagi, dari keluarga terpandang, jdi aku ngga akan pernah ragu soal semua langkah beliau. beliau seorang jenderal, punya strategi bahkan hal kecil jelih tauuu",2026-09-24T13:59:07.000Z,1
https://www.tiktok.com/@nylandherlife_/video/7680930107325828359,derariyana,Alhamdulillah bangga jadi Anak jendral kayaraya🔥,2026-09-28T12:07:46.000Z,1
https://www.tiktok.com/@nylandherlife_/video/7680930107325828359,yariiyaa_112,"Meskipun bpk gw haters Prabowo,tp gw ttp dukung pak wowo",2026-09-28T11:39:48.000Z,1
https://www.tiktok.com/@nylandherlife_/video/7680930107325828359,awincu,fakta lagi fakta lagi,2026-09-12T06:22:17.000Z,3
https://www.tiktok.com/@nylandherlife_/video/7680930107325828359,yusrilucil71,Gen Z bersama pak prabowo,2026-09-03T03:43:46.000Z,4
https://www.tiktok.com/@nylandherlife_/video/7680930107325828359,ammarrfd,inii bapaa gueeeee👍👍👍,2026-09-03T00:47:29.000Z,4
https://www.tiktok.com/@nylandherlife_/video/7680930107325828359,latif009999,sehatt selaluu pak prabowooo saya banggaa bgtt memiliki presiden yg hebatt dan sabar sepertimu pak saya janjii akan mendukung bapa sampai kapanpun itu akan tetap saya dukungg semoga di thun2029 nanti bapa menang lgiii terimakasihh ya pak prabowoo perjuangan bap untuk negara ini sangatt besarr sekaliiii makasih ya pak sudah berjuang demi negara inii semoga pak prabowo sehat terus dan menang di thun2029 nantii aminnnn ya allahh,2026-09-22T17:31:56.000Z,1
https://www.tiktok.com/@nylandherlife_/video/7680930107325828359,lailuss96,Krn d sini yg bicara bapak Habibi dan bapak gusdur saya berani pos d wa🥲🥹😩..krna d wa ku pernah ada post status jelekin pak wowo,2026-09-27T09:50:34.000Z,1
https://www.tiktok.com/@nylandherlife_/video/7680930107325828359,elyznr97,masa sih smpe sini aja banyak yg masih salah dlm menilai pa orbwo,2026-09-18T10:08:20.000Z,2
https://www.tiktok.com/@nylandherlife_/video/7680930107325828359,indahnuer4,menyala bapa presiden ku prabowo Subianto 🥰,2026-09-21T16:20:21.000Z,1
https://www.tiktok.com/@nylandherlife_/video/7680930107325828359,vicky.sera,benar sekali TPI kasihan kenapa banyak yg membenci beliau 😭,2026-09-21T15:52:40.000Z,1
https://www.tiktok.com/@nylandherlife_/video/7680930107325828359,tikah0103,"terimakasih pak presiden prabowo
tiap bulan aku selalu dapet bantuan, mulai dari beras ataupun uang 😭🥺🥰
anakku selalu terpenuhi bisa beliin dia pempers susu dan lain lain .
semoga panjang umur sehat selalu dan sejahtera di kelilingi orang baik 🥰",2026-09-09T01:20:36.000Z,3
https://www.tiktok.com/@nylandherlife_/video/7680930107325828359,intan.lestari12,"sehat terus , panjang umur dan selalu dalam lindungan nya pak 🥺",2026-09-04T05:44:09.000Z,1
https://www.tiktok.com/@nylandherlife_/video/7680930107325828359,ichavaldhana,sp pun ayok ramein plisss biar bisa 2 periode 😭😭,2026-09-03T01:18:16.000Z,3
https://www.tiktok.com/@nylandherlife_/video/7680930107325828359,critical_aclaim,gusdur lo ya yang ngomong,2026-09-03T00:51:01.000Z,3
https://www.tiktok.com/@nylandherlife_/video/7680930107325828359,11bakekokkk,kami gen Z bersama 02✌️,2026-09-04T09:35:57.000Z,3
https://www.tiktok.com/@nylandherlife_/video/7680930107325828359,pemaininti21,HORMAT PAK,2026-09-12T17:32:47.000Z,3
https://www.tiktok.com/@nylandherlife_/video/7680930107325828359,adeliafit13,Tidak Tergantikan Bpak Presidenku Prabowo 👌🇲🇨❤️‍🩹,2026-09-21T06:41:02.000Z,4
https://www.tiktok.com/@nylandherlife_/video/7680930107325828359,winihyuga,love youu bapakk Prabowo 🥰🥰🥰,2026-09-04T04:27:10.000Z,3
https://www.tiktok.com/@nylandherlife_/video/7680930107325828359,ogtops26,coba post di ig bg wkwk,2026-09-03T19:17:18.000Z,2
https://www.tiktok.com/@nylandherlife_/video/7680930107325828359,all10391,"kemaren udah banyak gen z yg pikirannya kebuka dan milih pak Prabowo,ketambah nanti 2029 gen z yg tahun kemaren belum nyoblos tambah banyak,kita buat yg tadinya 58% jadi 85% kusus gen z okey😂",2026-09-03T14:07:30.000Z,2
https://www.tiktok.com/@nylandherlife_/video/7680930107325828359,kadek3915,"Jangan smpe 2 bapak itu, dibilang buzzer😌",2026-09-03T02:42:20.000Z,3
https://www.tiktok.com/@nylandherlife_/video/7680930107325828359,rmnsyh_i,"tahun ini gw udah dapat ktp, ku tunggu 2029 buat 2 periode🔥",2026-09-03T17:33:22.000Z,3
https://www.tiktok.com/@nylandherlife_/video/7680930107325828359,monanita_1400,doain bpk aku panjang umur dan sehat ya semua,2026-09-10T02:53:59.000Z,2
https://www.tiktok.com/@nylandherlife_/video/7680930107325828359,irendacunha,semangat terussss bapa gemoyyyyku🥰,2026-09-03T05:11:30.000Z,3
